filename,label
CW2019_1527_t000.jpg,0
CW2019_1527_t009.jpg,0
CW2019_1527_t023.jpg,0
CW2019_1527_t025.jpg,0
CW2019_1527_t034.jpg,1
CW2019_1527_t044.jpg,0
CW2019_1527_t045.jpg,0
CW2019_1527_t050.jpg,0
CW2019_1527_t054.jpg,1
CW2019_1527_t058.jpg,1
CW2019_1527_t063.jpg,1
CW2019_1527_t065.jpg,1
CW2019_1527_t069.jpg,1
CW2019_1527_t073.jpg,1
CW2019_1527_t085.jpg,1
CW2019_1527_t091.jpg,1
CW2019_1527_t105.jpg,1
CW2019_1527_t113.jpg,1
CW2019_1527_t115.jpg,1
CW2019_1527_t118.jpg,1
CW2019_1527_t119.jpg,0
CW2019_1527_t124.jpg,0
CW2019_1527_t126.jpg,0
CW2019_1527_t129.jpg,0
CW2019_1527_t141.jpg,1
CW2019_1530_t008.jpg,1
CW2019_1530_t009.jpg,1
CW2019_1530_t018.jpg,1
CW2019_1530_t019.jpg,1
CW2019_1530_t029.jpg,1
CW2019_1530_t031.jpg,1
CW2019_1530_t039.jpg,1
CW2019_1530_t048.jpg,1
CW2019_1530_t051.jpg,1
CW2019_1530_t064.jpg,1
CW2019_1530_t066.jpg,1
CW2019_1530_t068.jpg,1
CW2019_1530_t069.jpg,1
CW2019_1530_t076.jpg,1
CW2019_1530_t078.jpg,0
CW2019_1530_t084.jpg,1
CW2019_1530_t088.jpg,0
CW2019_1530_t096.jpg,1
CW2019_1530_t099.jpg,1
CW2019_1530_t101.jpg,1
CW2019_1530_t108.jpg,1
CW2019_1530_t124.jpg,0
CW2019_1530_t129.jpg,1
CW2019_1530_t141.jpg,1
CW2019_1530_t149.jpg,1
CW2019_1535_t001.jpg,1
CW2019_1535_t018.jpg,1
CW2019_1535_t023.jpg,1
CW2019_1535_t029.jpg,1
CW2019_1535_t031.jpg,1
CW2019_1535_t034.jpg,1
CW2019_1535_t038.jpg,1
CW2019_1535_t039.jpg,0
CW2019_1535_t043.jpg,1
CW2019_1535_t044.jpg,1
CW2019_1535_t046.jpg,1
CW2019_1535_t066.jpg,1
CW2019_1535_t068.jpg,1
CW2019_1535_t071.jpg,1
CW2019_1535_t073.jpg,1
CW2019_1535_t096.jpg,1
CW2019_1535_t101.jpg,1
CW2019_1535_t108.jpg,1
CW2019_1535_t111.jpg,1
CW2019_1535_t113.jpg,0
CW2019_1535_t118.jpg,1
CW2019_1535_t119.jpg,0
CW2019_1535_t123.jpg,1
CW2019_1535_t126.jpg,0
CW2019_1535_t146.jpg,1
CW2019_1549_t001.jpg,1
CW2019_1549_t003.jpg,1
CW2019_1549_t009.jpg,1
CW2019_1549_t016.jpg,1
CW2019_1549_t019.jpg,1
CW2019_1549_t031.jpg,1
CW2019_1549_t033.jpg,0
CW2019_1549_t034.jpg,1
CW2019_1549_t038.jpg,1
CW2019_1549_t039.jpg,1
CW2019_1549_t049.jpg,1
CW2019_1549_t059.jpg,1
CW2019_1549_t064.jpg,1
CW2019_1549_t069.jpg,1
CW2019_1549_t071.jpg,1
CW2019_1549_t086.jpg,1
CW2019_1549_t089.jpg,1
CW2019_1549_t091.jpg,1
CW2019_1549_t093.jpg,1
CW2019_1549_t108.jpg,1
CW2019_1549_t116.jpg,1
CW2019_1549_t138.jpg,0
CW2019_1549_t143.jpg,0
CW2019_1549_t146.jpg,1
CW2019_1549_t151.jpg,1
CW2019_1551_t001.jpg,1
CW2019_1551_t003.jpg,1
CW2019_1551_t016.jpg,1
CW2019_1551_t018.jpg,1
CW2019_1551_t034.jpg,1
CW2019_1551_t039.jpg,1
CW2019_1551_t046.jpg,1
CW2019_1551_t049.jpg,1
CW2019_1551_t053.jpg,0
CW2019_1551_t056.jpg,1
CW2019_1551_t063.jpg,1
CW2019_1551_t068.jpg,1
CW2019_1551_t069.jpg,1
CW2019_1551_t073.jpg,1
CW2019_1551_t076.jpg,1
CW2019_1551_t084.jpg,1
CW2019_1551_t093.jpg,1
CW2019_1551_t094.jpg,1
CW2019_1551_t103.jpg,1
CW2019_1551_t109.jpg,1
CW2019_1551_t123.jpg,1
CW2019_1551_t126.jpg,0
CW2019_1551_t128.jpg,1
CW2019_1551_t129.jpg,0
CW2019_1551_t138.jpg,0
CW2019_1554_t018.jpg,0
CW2019_1554_t019.jpg,0
CW2019_1554_t023.jpg,0
CW2019_1554_t031.jpg,1
CW2019_1554_t041.jpg,1
CW2019_1554_t068.jpg,1
CW2019_1554_t075.jpg,1
CW2019_1554_t078.jpg,0
CW2019_1554_t080.jpg,1
CW2019_1554_t081.jpg,1
CW2019_1554_t085.jpg,1
CW2019_1554_t086.jpg,1
CW2019_1554_t091.jpg,1
CW2019_1554_t094.jpg,1
CW2019_1554_t103.jpg,1
CW2019_1554_t106.jpg,1
CW2019_1554_t111.jpg,1
CW2019_1554_t116.jpg,1
CW2019_1554_t125.jpg,1
CW2019_1554_t128.jpg,1
CW2019_1554_t133.jpg,1
CW2019_1554_t134.jpg,0
CW2019_1554_t136.jpg,0
CW2019_1554_t140.jpg,1
CW2019_1554_t148.jpg,1
CW2019_1556_t003.jpg,1
CW2019_1556_t009.jpg,0
CW2019_1556_t016.jpg,1
CW2019_1556_t021.jpg,1
CW2019_1556_t028.jpg,1
CW2019_1556_t033.jpg,0
CW2019_1556_t036.jpg,0
CW2019_1556_t038.jpg,1
CW2019_1556_t044.jpg,1
CW2019_1556_t046.jpg,1
CW2019_1556_t056.jpg,1
CW2019_1556_t058.jpg,0
CW2019_1556_t069.jpg,1
CW2019_1556_t084.jpg,1
CW2019_1556_t091.jpg,1
CW2019_1556_t093.jpg,1
CW2019_1556_t096.jpg,1
CW2019_1556_t104.jpg,1
CW2019_1556_t106.jpg,0
CW2019_1556_t108.jpg,1
CW2019_1556_t118.jpg,1
CW2019_1556_t119.jpg,0
CW2019_1556_t121.jpg,1
CW2019_1556_t124.jpg,0
CW2019_1556_t139.jpg,1
CW2019_1568_t000.jpg,1
CW2019_1568_t009.jpg,1
CW2019_1568_t015.jpg,0
CW2019_1568_t018.jpg,1
CW2019_1568_t036.jpg,1
CW2019_1568_t039.jpg,1
CW2019_1568_t043.jpg,1
CW2019_1568_t049.jpg,1
CW2019_1568_t066.jpg,0
CW2019_1568_t068.jpg,1
CW2019_1568_t080.jpg,1
CW2019_1568_t081.jpg,1
CW2019_1568_t083.jpg,1
CW2019_1568_t084.jpg,1
CW2019_1568_t085.jpg,1
CW2019_1568_t088.jpg,1
CW2019_1568_t091.jpg,1
CW2019_1568_t101.jpg,1
CW2019_1568_t114.jpg,1
CW2019_1568_t123.jpg,1
CW2019_1568_t125.jpg,1
CW2019_1568_t130.jpg,0
CW2019_1568_t143.jpg,0
CW2019_1568_t145.jpg,0
CW2019_1568_t151.jpg,1
CW2019_1570_t004.jpg,0
CW2019_1570_t005.jpg,1
CW2019_1570_t013.jpg,0
CW2019_1570_t019.jpg,1
CW2019_1570_t023.jpg,1
CW2019_1570_t026.jpg,1
CW2019_1570_t034.jpg,1
CW2019_1570_t035.jpg,1
CW2019_1570_t041.jpg,1
CW2019_1570_t060.jpg,1
CW2019_1570_t065.jpg,1
CW2019_1570_t069.jpg,1
CW2019_1570_t074.jpg,1
CW2019_1570_t076.jpg,1
CW2019_1570_t089.jpg,1
CW2019_1570_t090.jpg,0
CW2019_1570_t095.jpg,1
CW2019_1570_t098.jpg,1
CW2019_1570_t099.jpg,1
CW2019_1570_t100.jpg,1
CW2019_1570_t109.jpg,1
CW2019_1570_t121.jpg,1
CW2019_1570_t141.jpg,1
CW2019_1570_t150.jpg,1
CW2019_1570_t151.jpg,0
CW2019_1572_t001.jpg,1
CW2019_1572_t003.jpg,1
CW2019_1572_t013.jpg,1
CW2019_1572_t018.jpg,1
CW2019_1572_t023.jpg,1
CW2019_1572_t034.jpg,1
CW2019_1572_t039.jpg,0
CW2019_1572_t043.jpg,1
CW2019_1572_t048.jpg,1
CW2019_1572_t049.jpg,1
CW2019_1572_t054.jpg,1
CW2019_1572_t056.jpg,1
CW2019_1572_t089.jpg,1
CW2019_1572_t091.jpg,1
CW2019_1572_t093.jpg,1
CW2019_1572_t103.jpg,1
CW2019_1572_t104.jpg,1
CW2019_1572_t113.jpg,0
CW2019_1572_t118.jpg,1
CW2019_1572_t119.jpg,0
CW2019_1572_t121.jpg,1
CW2019_1572_t134.jpg,0
CW2019_1572_t143.jpg,0
CW2019_1572_t144.jpg,0
CW2019_1572_t146.jpg,1
CW2019_1581_t011.jpg,1
CW2019_1581_t013.jpg,1
CW2019_1581_t014.jpg,1
CW2019_1581_t016.jpg,1
CW2019_1581_t023.jpg,1
CW2019_1581_t029.jpg,1
CW2019_1581_t033.jpg,0
CW2019_1581_t036.jpg,0
CW2019_1581_t056.jpg,1
CW2019_1581_t058.jpg,0
CW2019_1581_t061.jpg,1
CW2019_1581_t073.jpg,1
CW2019_1581_t079.jpg,0
CW2019_1581_t086.jpg,1
CW2019_1581_t094.jpg,1
CW2019_1581_t104.jpg,1
CW2019_1581_t109.jpg,1
CW2019_1581_t118.jpg,1
CW2019_1581_t121.jpg,1
CW2019_1581_t126.jpg,0
CW2019_1581_t134.jpg,0
CW2019_1581_t138.jpg,0
CW2019_1581_t139.jpg,1
CW2019_1581_t141.jpg,1
CW2019_1581_t149.jpg,1
CW2019_1589_t013.jpg,0
CW2019_1589_t026.jpg,1
CW2019_1589_t031.jpg,1
CW2019_1589_t051.jpg,0
CW2019_1589_t059.jpg,1
CW2019_1589_t066.jpg,1
CW2019_1589_t071.jpg,1
CW2019_1589_t079.jpg,0
CW2019_1589_t081.jpg,1
CW2019_1589_t084.jpg,1
CW2019_1589_t088.jpg,1
CW2019_1589_t091.jpg,1
CW2019_1589_t094.jpg,1
CW2019_1589_t096.jpg,1
CW2019_1589_t098.jpg,0
CW2019_1589_t101.jpg,1
CW2019_1589_t119.jpg,0
CW2019_1589_t128.jpg,1
CW2019_1589_t131.jpg,1
CW2019_1589_t133.jpg,1
CW2019_1589_t134.jpg,0
CW2019_1589_t136.jpg,0
CW2019_1589_t139.jpg,1
CW2019_1589_t146.jpg,1
CW2019_1589_t151.jpg,1
CW2019_1591_t001.jpg,1
CW2019_1591_t013.jpg,1
CW2019_1591_t014.jpg,1
CW2019_1591_t018.jpg,1
CW2019_1591_t021.jpg,1
CW2019_1591_t028.jpg,1
CW2019_1591_t038.jpg,1
CW2019_1591_t056.jpg,1
CW2019_1591_t064.jpg,1
CW2019_1591_t066.jpg,1
CW2019_1591_t073.jpg,1
CW2019_1591_t074.jpg,1
CW2019_1591_t083.jpg,1
CW2019_1591_t089.jpg,1
CW2019_1591_t093.jpg,1
CW2019_1591_t094.jpg,1
CW2019_1591_t098.jpg,0
CW2019_1591_t106.jpg,0
CW2019_1591_t116.jpg,1
CW2019_1591_t118.jpg,1
CW2019_1591_t119.jpg,0
CW2019_1591_t126.jpg,0
CW2019_1591_t141.jpg,1
CW2019_1591_t149.jpg,1
CW2019_1591_t151.jpg,1
CW2019_1595_t011.jpg,1
CW2019_1595_t016.jpg,1
CW2019_1595_t024.jpg,1
CW2019_1595_t043.jpg,1
CW2019_1595_t049.jpg,1
CW2019_1595_t054.jpg,1
CW2019_1595_t056.jpg,1
CW2019_1595_t068.jpg,1
CW2019_1595_t074.jpg,1
CW2019_1595_t083.jpg,1
CW2019_1595_t086.jpg,1
CW2019_1595_t088.jpg,1
CW2019_1595_t089.jpg,1
CW2019_1595_t093.jpg,1
CW2019_1595_t094.jpg,1
CW2019_1595_t096.jpg,1
CW2019_1595_t098.jpg,0
CW2019_1595_t106.jpg,0
CW2019_1595_t114.jpg,1
CW2019_1595_t118.jpg,1
CW2019_1595_t126.jpg,1
CW2019_1595_t133.jpg,0
CW2019_1595_t143.jpg,0
CW2019_1595_t144.jpg,1
CW2019_1595_t149.jpg,1
CW2019_1597_t004.jpg,0
CW2019_1597_t005.jpg,1
CW2019_1597_t011.jpg,1
CW2019_1597_t013.jpg,0
CW2019_1597_t029.jpg,1
CW2019_1597_t030.jpg,1
CW2019_1597_t031.jpg,1
CW2019_1597_t034.jpg,0
CW2019_1597_t043.jpg,0
CW2019_1597_t045.jpg,0
CW2019_1597_t054.jpg,1
CW2019_1597_t059.jpg,1
CW2019_1597_t061.jpg,0
CW2019_1597_t064.jpg,1
CW2019_1597_t069.jpg,1
CW2019_1597_t070.jpg,1
CW2019_1597_t084.jpg,1
CW2019_1597_t085.jpg,1
CW2019_1597_t089.jpg,1
CW2019_1597_t105.jpg,1
CW2019_1597_t120.jpg,1
CW2019_1597_t138.jpg,0
CW2019_1597_t140.jpg,1
CW2019_1597_t148.jpg,0
CW2019_1597_t150.jpg,1
CW2019_1604_t002.jpg,0
CW2019_1604_t003.jpg,0
CW2019_1604_t010.jpg,1
CW2019_1604_t011.jpg,1
CW2019_1604_t016.jpg,1
CW2019_1604_t020.jpg,1
CW2019_1604_t031.jpg,1
CW2019_1604_t055.jpg,1
CW2019_1604_t058.jpg,0
CW2019_1604_t061.jpg,0
CW2019_1604_t070.jpg,1
CW2019_1604_t073.jpg,1
CW2019_1604_t076.jpg,1
CW2019_1604_t077.jpg,0
CW2019_1604_t092.jpg,1
CW2019_1604_t098.jpg,0
CW2019_1604_t108.jpg,1
CW2019_1604_t112.jpg,1
CW2019_1604_t113.jpg,0
CW2019_1604_t127.jpg,0
CW2019_1604_t135.jpg,0
CW2019_1604_t136.jpg,1
CW2019_1604_t147.jpg,1
CW2019_1604_t148.jpg,1
CW2019_1604_t151.jpg,0
CW2019_1605_t000.jpg,1
CW2019_1605_t007.jpg,1
CW2019_1605_t017.jpg,1
CW2019_1605_t025.jpg,1
CW2019_1605_t027.jpg,1
CW2019_1605_t028.jpg,1
CW2019_1605_t032.jpg,1
CW2019_1605_t037.jpg,0
CW2019_1605_t055.jpg,1
CW2019_1605_t070.jpg,1
CW2019_1605_t071.jpg,0
CW2019_1605_t072.jpg,1
CW2019_1605_t076.jpg,1
CW2019_1605_t077.jpg,0
CW2019_1605_t087.jpg,1
CW2019_1605_t101.jpg,1
CW2019_1605_t105.jpg,1
CW2019_1605_t106.jpg,1
CW2019_1605_t117.jpg,0
CW2019_1605_t120.jpg,1
CW2019_1605_t122.jpg,1
CW2019_1605_t132.jpg,0
CW2019_1605_t133.jpg,1
CW2019_1605_t141.jpg,1
CW2019_1605_t152.jpg,1
CW2019_1613_t012.jpg,1
CW2019_1613_t013.jpg,0
CW2019_1613_t025.jpg,1
CW2019_1613_t027.jpg,1
CW2019_1613_t028.jpg,1
CW2019_1613_t043.jpg,1
CW2019_1613_t051.jpg,0
CW2019_1613_t055.jpg,0
CW2019_1613_t063.jpg,1
CW2019_1613_t066.jpg,1
CW2019_1613_t068.jpg,1
CW2019_1613_t108.jpg,1
CW2019_1613_t110.jpg,1
CW2019_1613_t112.jpg,1
CW2019_1613_t115.jpg,1
CW2019_1613_t121.jpg,1
CW2019_1613_t122.jpg,1
CW2019_1613_t123.jpg,1
CW2019_1613_t130.jpg,0
CW2019_1613_t131.jpg,1
CW2019_1613_t138.jpg,0
CW2019_1613_t147.jpg,1
CW2019_1613_t150.jpg,1
CW2019_1613_t151.jpg,0
CW2019_1613_t152.jpg,1
CW2019_1617_t013.jpg,0
CW2019_1617_t018.jpg,0
CW2019_1617_t023.jpg,1
CW2019_1617_t025.jpg,0
CW2019_1617_t035.jpg,1
CW2019_1617_t036.jpg,1
CW2019_1617_t050.jpg,1
CW2019_1617_t053.jpg,0
CW2019_1617_t055.jpg,0
CW2019_1617_t060.jpg,1
CW2019_1617_t063.jpg,1
CW2019_1617_t066.jpg,1
CW2019_1617_t070.jpg,1
CW2019_1617_t078.jpg,0
CW2019_1617_t080.jpg,1
CW2019_1617_t081.jpg,1
CW2019_1617_t088.jpg,0
CW2019_1617_t103.jpg,1
CW2019_1617_t108.jpg,1
CW2019_1617_t121.jpg,1
CW2019_1617_t123.jpg,1
CW2019_1617_t133.jpg,1
CW2019_1617_t138.jpg,1
CW2019_1617_t148.jpg,1
CW2019_1617_t150.jpg,1
CW2019_1618_t000.jpg,1
CW2019_1618_t015.jpg,0
CW2019_1618_t016.jpg,1
CW2019_1618_t021.jpg,1
CW2019_1618_t023.jpg,1
CW2019_1618_t031.jpg,1
CW2019_1618_t033.jpg,0
CW2019_1618_t035.jpg,1
CW2019_1618_t045.jpg,1
CW2019_1618_t053.jpg,0
CW2019_1618_t060.jpg,1
CW2019_1618_t070.jpg,1
CW2019_1618_t071.jpg,1
CW2019_1618_t073.jpg,1
CW2019_1618_t086.jpg,1
CW2019_1618_t088.jpg,1
CW2019_1618_t090.jpg,1
CW2019_1618_t093.jpg,1
CW2019_1618_t095.jpg,1
CW2019_1618_t103.jpg,1
CW2019_1618_t111.jpg,1
CW2019_1618_t118.jpg,1
CW2019_1618_t138.jpg,1
CW2019_1618_t148.jpg,1
CW2019_1618_t150.jpg,1
CW2019_1619_t000.jpg,0
CW2019_1619_t003.jpg,0
CW2019_1619_t008.jpg,0
CW2019_1619_t013.jpg,0
CW2019_1619_t015.jpg,0
CW2019_1619_t025.jpg,0
CW2019_1619_t030.jpg,0
CW2019_1619_t033.jpg,0
CW2019_1619_t041.jpg,1
CW2019_1619_t050.jpg,1
CW2019_1619_t051.jpg,0
CW2019_1619_t063.jpg,0
CW2019_1619_t066.jpg,1
CW2019_1619_t073.jpg,1
CW2019_1619_t085.jpg,1
CW2019_1619_t086.jpg,1
CW2019_1619_t091.jpg,1
CW2019_1619_t100.jpg,1
CW2019_1619_t116.jpg,1
CW2019_1619_t118.jpg,1
CW2019_1619_t123.jpg,1
CW2019_1619_t126.jpg,0
CW2019_1619_t135.jpg,0
CW2019_1619_t143.jpg,0
CW2019_1619_t151.jpg,0
CW2019_1623_t005.jpg,1
CW2019_1623_t017.jpg,1
CW2019_1623_t020.jpg,1
CW2019_1623_t035.jpg,1
CW2019_1623_t037.jpg,0
CW2019_1623_t038.jpg,1
CW2019_1623_t040.jpg,1
CW2019_1623_t046.jpg,1
CW2019_1623_t048.jpg,0
CW2019_1623_t053.jpg,0
CW2019_1623_t062.jpg,0
CW2019_1623_t066.jpg,1
CW2019_1623_t068.jpg,1
CW2019_1623_t070.jpg,1
CW2019_1623_t073.jpg,1
CW2019_1623_t075.jpg,1
CW2019_1623_t076.jpg,1
CW2019_1623_t080.jpg,1
CW2019_1623_t082.jpg,1
CW2019_1623_t083.jpg,1
CW2019_1623_t085.jpg,1
CW2019_1623_t105.jpg,1
CW2019_1623_t116.jpg,1
CW2019_1623_t121.jpg,1
CW2019_1623_t133.jpg,1
CW2019_1627_t003.jpg,0
CW2019_1627_t015.jpg,0
CW2019_1627_t018.jpg,1
CW2019_1627_t021.jpg,1
CW2019_1627_t030.jpg,1
CW2019_1627_t035.jpg,1
CW2019_1627_t043.jpg,1
CW2019_1627_t045.jpg,0
CW2019_1627_t048.jpg,0
CW2019_1627_t051.jpg,0
CW2019_1627_t066.jpg,1
CW2019_1627_t068.jpg,1
CW2019_1627_t075.jpg,1
CW2019_1627_t083.jpg,1
CW2019_1627_t086.jpg,1
CW2019_1627_t091.jpg,1
CW2019_1627_t093.jpg,1
CW2019_1627_t096.jpg,1
CW2019_1627_t103.jpg,1
CW2019_1627_t120.jpg,1
CW2019_1627_t121.jpg,1
CW2019_1627_t125.jpg,1
CW2019_1627_t130.jpg,0
CW2019_1627_t138.jpg,0
CW2019_1627_t151.jpg,0
CW2019_1628_t010.jpg,1
CW2019_1628_t018.jpg,1
CW2019_1628_t021.jpg,1
CW2019_1628_t023.jpg,1
CW2019_1628_t025.jpg,0
CW2019_1628_t028.jpg,1
CW2019_1628_t030.jpg,0
CW2019_1628_t041.jpg,1
CW2019_1628_t043.jpg,1
CW2019_1628_t048.jpg,1
CW2019_1628_t050.jpg,1
CW2019_1628_t061.jpg,0
CW2019_1628_t063.jpg,1
CW2019_1628_t076.jpg,1
CW2019_1628_t080.jpg,1
CW2019_1628_t085.jpg,1
CW2019_1628_t086.jpg,1
CW2019_1628_t088.jpg,1
CW2019_1628_t103.jpg,1
CW2019_1628_t116.jpg,1
CW2019_1628_t118.jpg,1
CW2019_1628_t130.jpg,0
CW2019_1628_t135.jpg,0
CW2019_1628_t148.jpg,1
CW2019_1628_t150.jpg,1
CW2019_1636_t013.jpg,0
CW2019_1636_t015.jpg,0
CW2019_1636_t016.jpg,0
CW2019_1636_t036.jpg,0
CW2019_1636_t038.jpg,0
CW2019_1636_t040.jpg,0
CW2019_1636_t061.jpg,0
CW2019_1636_t068.jpg,1
CW2019_1636_t070.jpg,1
CW2019_1636_t071.jpg,1
CW2019_1636_t075.jpg,1
CW2019_1636_t088.jpg,1
CW2019_1636_t096.jpg,1
CW2019_1636_t100.jpg,1
CW2019_1636_t105.jpg,1
CW2019_1636_t106.jpg,1
CW2019_1636_t108.jpg,1
CW2019_1636_t110.jpg,1
CW2019_1636_t121.jpg,1
CW2019_1636_t123.jpg,1
CW2019_1636_t125.jpg,1
CW2019_1636_t133.jpg,1
CW2019_1636_t138.jpg,0
CW2019_1636_t140.jpg,1
CW2019_1636_t143.jpg,0
CW2019_1638_t001.jpg,1
CW2019_1638_t003.jpg,0
CW2019_1638_t008.jpg,0
CW2019_1638_t016.jpg,1
CW2019_1638_t033.jpg,0
CW2019_1638_t041.jpg,1
CW2019_1638_t045.jpg,1
CW2019_1638_t058.jpg,0
CW2019_1638_t076.jpg,1
CW2019_1638_t080.jpg,1
CW2019_1638_t085.jpg,1
CW2019_1638_t090.jpg,1
CW2019_1638_t091.jpg,1
CW2019_1638_t095.jpg,1
CW2019_1638_t101.jpg,1
CW2019_1638_t108.jpg,1
CW2019_1638_t110.jpg,0
CW2019_1638_t116.jpg,1
CW2019_1638_t118.jpg,1
CW2019_1638_t126.jpg,0
CW2019_1638_t128.jpg,1
CW2019_1638_t131.jpg,1
CW2019_1638_t136.jpg,0
CW2019_1638_t138.jpg,0
CW2019_1638_t145.jpg,0
CW2019_1641_t011.jpg,1
CW2019_1641_t023.jpg,1
CW2019_1641_t026.jpg,1
CW2019_1641_t031.jpg,1
CW2019_1641_t038.jpg,1
CW2019_1641_t043.jpg,1
CW2019_1641_t048.jpg,0
CW2019_1641_t051.jpg,1
CW2019_1641_t060.jpg,1
CW2019_1641_t061.jpg,0
CW2019_1641_t065.jpg,1
CW2019_1641_t070.jpg,1
CW2019_1641_t080.jpg,1
CW2019_1641_t088.jpg,1
CW2019_1641_t090.jpg,1
CW2019_1641_t093.jpg,1
CW2019_1641_t095.jpg,1
CW2019_1641_t098.jpg,1
CW2019_1641_t106.jpg,1
CW2019_1641_t118.jpg,1
CW2019_1641_t121.jpg,1
CW2019_1641_t130.jpg,0
CW2019_1641_t131.jpg,1
CW2019_1641_t140.jpg,1
CW2019_1641_t141.jpg,1
CW2019_1651_t003.jpg,0
CW2019_1651_t016.jpg,1
CW2019_1651_t020.jpg,1
CW2019_1651_t022.jpg,1
CW2019_1651_t025.jpg,1
CW2019_1651_t030.jpg,1
CW2019_1651_t033.jpg,0
CW2019_1651_t036.jpg,1
CW2019_1651_t037.jpg,0
CW2019_1651_t042.jpg,1
CW2019_1651_t047.jpg,0
CW2019_1651_t057.jpg,1
CW2019_1651_t058.jpg,1
CW2019_1651_t068.jpg,1
CW2019_1651_t071.jpg,0
CW2019_1651_t088.jpg,1
CW2019_1651_t098.jpg,0
CW2019_1651_t103.jpg,1
CW2019_1651_t113.jpg,1
CW2019_1651_t115.jpg,1
CW2019_1651_t131.jpg,1
CW2019_1651_t143.jpg,1
CW2019_1651_t145.jpg,1
CW2019_1651_t148.jpg,1
CW2019_1651_t151.jpg,1
CW2019_1665_t000.jpg,1
CW2019_1665_t003.jpg,0
CW2019_1665_t010.jpg,0
CW2019_1665_t011.jpg,1
CW2019_1665_t016.jpg,1
CW2019_1665_t020.jpg,0
CW2019_1665_t023.jpg,1
CW2019_1665_t031.jpg,1
CW2019_1665_t035.jpg,1
CW2019_1665_t036.jpg,1
CW2019_1665_t043.jpg,1
CW2019_1665_t060.jpg,1
CW2019_1665_t066.jpg,1
CW2019_1665_t070.jpg,1
CW2019_1665_t081.jpg,1
CW2019_1665_t083.jpg,1
CW2019_1665_t090.jpg,0
CW2019_1665_t106.jpg,0
CW2019_1665_t108.jpg,1
CW2019_1665_t118.jpg,1
CW2019_1665_t120.jpg,1
CW2019_1665_t133.jpg,1
CW2019_1665_t135.jpg,1
CW2019_1665_t138.jpg,0
CW2019_1665_t150.jpg,1
CW2019_1666_t000.jpg,1
CW2019_1666_t001.jpg,1
CW2019_1666_t005.jpg,1
CW2019_1666_t010.jpg,0
CW2019_1666_t028.jpg,1
CW2019_1666_t035.jpg,1
CW2019_1666_t043.jpg,1
CW2019_1666_t045.jpg,0
CW2019_1666_t050.jpg,1
CW2019_1666_t053.jpg,0
CW2019_1666_t058.jpg,0
CW2019_1666_t060.jpg,1
CW2019_1666_t070.jpg,1
CW2019_1666_t080.jpg,1
CW2019_1666_t083.jpg,1
CW2019_1666_t093.jpg,1
CW2019_1666_t101.jpg,1
CW2019_1666_t105.jpg,1
CW2019_1666_t106.jpg,1
CW2019_1666_t110.jpg,0
CW2019_1666_t116.jpg,1
CW2019_1666_t125.jpg,1
CW2019_1666_t130.jpg,0
CW2019_1666_t135.jpg,0
CW2019_1666_t148.jpg,1
CW2019_1670_t013.jpg,0
CW2019_1670_t021.jpg,1
CW2019_1670_t023.jpg,1
CW2019_1670_t035.jpg,1
CW2019_1670_t045.jpg,1
CW2019_1670_t053.jpg,0
CW2019_1670_t056.jpg,1
CW2019_1670_t063.jpg,1
CW2019_1670_t070.jpg,1
CW2019_1670_t076.jpg,1
CW2019_1670_t078.jpg,0
CW2019_1670_t081.jpg,1
CW2019_1670_t083.jpg,1
CW2019_1670_t086.jpg,1
CW2019_1670_t091.jpg,1
CW2019_1670_t093.jpg,1
CW2019_1670_t100.jpg,1
CW2019_1670_t110.jpg,1
CW2019_1670_t120.jpg,1
CW2019_1670_t125.jpg,1
CW2019_1670_t128.jpg,1
CW2019_1670_t133.jpg,1
CW2019_1670_t138.jpg,0
CW2019_1670_t140.jpg,1
CW2019_1670_t141.jpg,1
CW2019_1680_t001.jpg,1
CW2019_1680_t003.jpg,0
CW2019_1680_t010.jpg,1
CW2019_1680_t011.jpg,1
CW2019_1680_t016.jpg,1
CW2019_1680_t020.jpg,1
CW2019_1680_t021.jpg,1
CW2019_1680_t023.jpg,1
CW2019_1680_t036.jpg,1
CW2019_1680_t038.jpg,1
CW2019_1680_t040.jpg,1
CW2019_1680_t048.jpg,1
CW2019_1680_t053.jpg,0
CW2019_1680_t058.jpg,0
CW2019_1680_t065.jpg,1
CW2019_1680_t066.jpg,1
CW2019_1680_t075.jpg,1
CW2019_1680_t076.jpg,1
CW2019_1680_t098.jpg,0
CW2019_1680_t106.jpg,1
CW2019_1680_t111.jpg,0
CW2019_1680_t115.jpg,1
CW2019_1680_t121.jpg,1
CW2019_1680_t131.jpg,1
CW2019_1680_t145.jpg,0
CW2019_1683_t003.jpg,0
CW2019_1683_t008.jpg,0
CW2019_1683_t011.jpg,1
CW2019_1683_t016.jpg,1
CW2019_1683_t035.jpg,1
CW2019_1683_t040.jpg,1
CW2019_1683_t045.jpg,1
CW2019_1683_t056.jpg,1
CW2019_1683_t073.jpg,1
CW2019_1683_t075.jpg,1
CW2019_1683_t078.jpg,0
CW2019_1683_t080.jpg,1
CW2019_1683_t081.jpg,1
CW2019_1683_t083.jpg,1
CW2019_1683_t088.jpg,1
CW2019_1683_t090.jpg,0
CW2019_1683_t091.jpg,1
CW2019_1683_t100.jpg,1
CW2019_1683_t108.jpg,1
CW2019_1683_t110.jpg,1
CW2019_1683_t126.jpg,0
CW2019_1683_t128.jpg,1
CW2019_1683_t136.jpg,0
CW2019_1683_t143.jpg,0
CW2019_1683_t151.jpg,0
CW2019_1685_t005.jpg,1
CW2019_1685_t015.jpg,1
CW2019_1685_t033.jpg,0
CW2019_1685_t036.jpg,0
CW2019_1685_t038.jpg,1
CW2019_1685_t041.jpg,1
CW2019_1685_t050.jpg,1
CW2019_1685_t055.jpg,0
CW2019_1685_t073.jpg,1
CW2019_1685_t080.jpg,1
CW2019_1685_t083.jpg,1
CW2019_1685_t090.jpg,0
CW2019_1685_t095.jpg,1
CW2019_1685_t100.jpg,1
CW2019_1685_t103.jpg,1
CW2019_1685_t111.jpg,1
CW2019_1685_t113.jpg,0
CW2019_1685_t120.jpg,1
CW2019_1685_t123.jpg,1
CW2019_1685_t125.jpg,1
CW2019_1685_t126.jpg,0
CW2019_1685_t136.jpg,0
CW2019_1685_t140.jpg,1
CW2019_1685_t148.jpg,1
CW2019_1685_t150.jpg,1
CW2019_1687_t005.jpg,1
CW2019_1687_t018.jpg,1
CW2019_1687_t030.jpg,1
CW2019_1687_t033.jpg,0
CW2019_1687_t048.jpg,1
CW2019_1687_t050.jpg,1
CW2019_1687_t051.jpg,0
CW2019_1687_t056.jpg,1
CW2019_1687_t058.jpg,0
CW2019_1687_t063.jpg,1
CW2019_1687_t070.jpg,1
CW2019_1687_t071.jpg,1
CW2019_1687_t075.jpg,1
CW2019_1687_t078.jpg,0
CW2019_1687_t085.jpg,1
CW2019_1687_t088.jpg,1
CW2019_1687_t096.jpg,1
CW2019_1687_t108.jpg,1
CW2019_1687_t110.jpg,1
CW2019_1687_t115.jpg,1
CW2019_1687_t125.jpg,1
CW2019_1687_t128.jpg,1
CW2019_1687_t138.jpg,0
CW2019_1687_t141.jpg,1
CW2019_1687_t151.jpg,0
CW2019_1690_t016.jpg,1
CW2019_1690_t026.jpg,1
CW2019_1690_t033.jpg,0
CW2019_1690_t038.jpg,1
CW2019_1690_t048.jpg,0
CW2019_1690_t051.jpg,0
CW2019_1690_t053.jpg,0
CW2019_1690_t056.jpg,1
CW2019_1690_t058.jpg,0
CW2019_1690_t061.jpg,0
CW2019_1690_t063.jpg,1
CW2019_1690_t071.jpg,1
CW2019_1690_t081.jpg,1
CW2019_1690_t086.jpg,1
CW2019_1690_t088.jpg,1
CW2019_1690_t093.jpg,1
CW2019_1690_t095.jpg,1
CW2019_1690_t118.jpg,1
CW2019_1690_t123.jpg,1
CW2019_1690_t126.jpg,0
CW2019_1690_t128.jpg,1
CW2019_1690_t133.jpg,1
CW2019_1690_t138.jpg,0
CW2019_1690_t145.jpg,1
CW2019_1690_t146.jpg,0
CW2019_1691_t000.jpg,1
CW2019_1691_t005.jpg,1
CW2019_1691_t008.jpg,1
CW2019_1691_t011.jpg,1
CW2019_1691_t015.jpg,0
CW2019_1691_t040.jpg,1
CW2019_1691_t043.jpg,1
CW2019_1691_t051.jpg,0
CW2019_1691_t056.jpg,1
CW2019_1691_t058.jpg,0
CW2019_1691_t068.jpg,1
CW2019_1691_t070.jpg,1
CW2019_1691_t076.jpg,1
CW2019_1691_t078.jpg,0
CW2019_1691_t090.jpg,1
CW2019_1691_t091.jpg,1
CW2019_1691_t096.jpg,1
CW2019_1691_t098.jpg,0
CW2019_1691_t111.jpg,1
CW2019_1691_t118.jpg,1
CW2019_1691_t121.jpg,1
CW2019_1691_t125.jpg,1
CW2019_1691_t128.jpg,1
CW2019_1691_t143.jpg,0
CW2019_1691_t146.jpg,1
CW2019_1699_t000.jpg,1
CW2019_1699_t001.jpg,1
CW2019_1699_t005.jpg,1
CW2019_1699_t016.jpg,1
CW2019_1699_t021.jpg,1
CW2019_1699_t028.jpg,1
CW2019_1699_t031.jpg,1
CW2019_1699_t045.jpg,1
CW2019_1699_t050.jpg,1
CW2019_1699_t055.jpg,1
CW2019_1699_t056.jpg,1
CW2019_1699_t070.jpg,1
CW2019_1699_t071.jpg,1
CW2019_1699_t075.jpg,1
CW2019_1699_t091.jpg,1
CW2019_1699_t098.jpg,0
CW2019_1699_t108.jpg,1
CW2019_1699_t113.jpg,0
CW2019_1699_t116.jpg,1
CW2019_1699_t118.jpg,1
CW2019_1699_t125.jpg,1
CW2019_1699_t128.jpg,1
CW2019_1699_t135.jpg,1
CW2019_1699_t145.jpg,1
CW2019_1699_t151.jpg,0
CW2019_1720_t010.jpg,1
CW2019_1720_t011.jpg,1
CW2019_1720_t020.jpg,1
CW2019_1720_t023.jpg,1
CW2019_1720_t041.jpg,1
CW2019_1720_t045.jpg,0
CW2019_1720_t046.jpg,1
CW2019_1720_t055.jpg,0
CW2019_1720_t060.jpg,1
CW2019_1720_t065.jpg,1
CW2019_1720_t076.jpg,1
CW2019_1720_t080.jpg,1
CW2019_1720_t090.jpg,0
CW2019_1720_t096.jpg,1
CW2019_1720_t098.jpg,0
CW2019_1720_t100.jpg,1
CW2019_1720_t101.jpg,1
CW2019_1720_t110.jpg,1
CW2019_1720_t111.jpg,1
CW2019_1720_t128.jpg,1
CW2019_1720_t131.jpg,1
CW2019_1720_t140.jpg,1
CW2019_1720_t141.jpg,1
CW2019_1720_t143.jpg,0
CW2019_1720_t151.jpg,1
CW2019_1727_t003.jpg,1
CW2019_1727_t010.jpg,1
CW2019_1727_t011.jpg,1
CW2019_1727_t013.jpg,1
CW2019_1727_t018.jpg,1
CW2019_1727_t026.jpg,1
CW2019_1727_t033.jpg,0
CW2019_1727_t048.jpg,1
CW2019_1727_t050.jpg,1
CW2019_1727_t061.jpg,0
CW2019_1727_t065.jpg,1
CW2019_1727_t066.jpg,0
CW2019_1727_t071.jpg,1
CW2019_1727_t073.jpg,1
CW2019_1727_t076.jpg,1
CW2019_1727_t095.jpg,1
CW2019_1727_t098.jpg,0
CW2019_1727_t100.jpg,1
CW2019_1727_t101.jpg,1
CW2019_1727_t110.jpg,1
CW2019_1727_t126.jpg,0
CW2019_1727_t128.jpg,1
CW2019_1727_t135.jpg,0
CW2019_1727_t143.jpg,0
CW2019_1727_t150.jpg,1
CW2019_1738_t001.jpg,1
CW2019_1738_t005.jpg,1
CW2019_1738_t011.jpg,1
CW2019_1738_t016.jpg,1
CW2019_1738_t035.jpg,1
CW2019_1738_t038.jpg,1
CW2019_1738_t045.jpg,1
CW2019_1738_t051.jpg,0
CW2019_1738_t068.jpg,1
CW2019_1738_t070.jpg,1
CW2019_1738_t071.jpg,1
CW2019_1738_t073.jpg,1
CW2019_1738_t075.jpg,1
CW2019_1738_t076.jpg,1
CW2019_1738_t078.jpg,0
CW2019_1738_t081.jpg,1
CW2019_1738_t086.jpg,1
CW2019_1738_t098.jpg,0
CW2019_1738_t101.jpg,1
CW2019_1738_t108.jpg,1
CW2019_1738_t110.jpg,1
CW2019_1738_t113.jpg,0
CW2019_1738_t141.jpg,1
CW2019_1738_t143.jpg,0
CW2019_1738_t151.jpg,0
CW2019_1740_t011.jpg,1
CW2019_1740_t015.jpg,0
CW2019_1740_t021.jpg,1
CW2019_1740_t023.jpg,1
CW2019_1740_t031.jpg,1
CW2019_1740_t038.jpg,1
CW2019_1740_t041.jpg,1
CW2019_1740_t048.jpg,0
CW2019_1740_t053.jpg,1
CW2019_1740_t055.jpg,1
CW2019_1740_t066.jpg,0
CW2019_1740_t068.jpg,1
CW2019_1740_t090.jpg,1
CW2019_1740_t093.jpg,1
CW2019_1740_t103.jpg,1
CW2019_1740_t106.jpg,1
CW2019_1740_t108.jpg,1
CW2019_1740_t115.jpg,1
CW2019_1740_t116.jpg,1
CW2019_1740_t121.jpg,1
CW2019_1740_t128.jpg,1
CW2019_1740_t131.jpg,1
CW2019_1740_t136.jpg,1
CW2019_1740_t145.jpg,1
CW2019_1740_t151.jpg,1
CW2019_1741_t001.jpg,1
CW2019_1741_t003.jpg,1
CW2019_1741_t008.jpg,1
CW2019_1741_t015.jpg,0
CW2019_1741_t016.jpg,1
CW2019_1741_t028.jpg,1
CW2019_1741_t036.jpg,0
CW2019_1741_t038.jpg,1
CW2019_1741_t040.jpg,1
CW2019_1741_t045.jpg,1
CW2019_1741_t058.jpg,0
CW2019_1741_t065.jpg,1
CW2019_1741_t071.jpg,1
CW2019_1741_t080.jpg,1
CW2019_1741_t090.jpg,1
CW2019_1741_t103.jpg,1
CW2019_1741_t113.jpg,0
CW2019_1741_t115.jpg,1
CW2019_1741_t118.jpg,1
CW2019_1741_t123.jpg,1
CW2019_1741_t125.jpg,1
CW2019_1741_t141.jpg,1
CW2019_1741_t145.jpg,1
CW2019_1741_t146.jpg,1
CW2019_1741_t151.jpg,1
CW2019_1744_t003.jpg,0
CW2019_1744_t010.jpg,0
CW2019_1744_t016.jpg,1
CW2019_1744_t018.jpg,1
CW2019_1744_t025.jpg,1
CW2019_1744_t036.jpg,0
CW2019_1744_t046.jpg,1
CW2019_1744_t048.jpg,1
CW2019_1744_t050.jpg,1
CW2019_1744_t056.jpg,1
CW2019_1744_t061.jpg,0
CW2019_1744_t063.jpg,1
CW2019_1744_t066.jpg,1
CW2019_1744_t076.jpg,1
CW2019_1744_t078.jpg,0
CW2019_1744_t086.jpg,1
CW2019_1744_t095.jpg,1
CW2019_1744_t096.jpg,1
CW2019_1744_t105.jpg,1
CW2019_1744_t115.jpg,1
CW2019_1744_t125.jpg,1
CW2019_1744_t126.jpg,1
CW2019_1744_t128.jpg,1
CW2019_1744_t133.jpg,1
CW2019_1744_t143.jpg,1
CW2019_1747_t001.jpg,1
CW2019_1747_t018.jpg,1
CW2019_1747_t026.jpg,1
CW2019_1747_t028.jpg,1
CW2019_1747_t038.jpg,1
CW2019_1747_t043.jpg,1
CW2019_1747_t045.jpg,1
CW2019_1747_t046.jpg,1
CW2019_1747_t048.jpg,1
CW2019_1747_t053.jpg,0
CW2019_1747_t066.jpg,1
CW2019_1747_t071.jpg,1
CW2019_1747_t075.jpg,1
CW2019_1747_t076.jpg,1
CW2019_1747_t078.jpg,0
CW2019_1747_t083.jpg,1
CW2019_1747_t103.jpg,1
CW2019_1747_t105.jpg,1
CW2019_1747_t116.jpg,1
CW2019_1747_t128.jpg,1
CW2019_1747_t135.jpg,1
CW2019_1747_t136.jpg,1
CW2019_1747_t141.jpg,1
CW2019_1747_t150.jpg,1
CW2019_1747_t151.jpg,1
CW2019_1748_t011.jpg,1
CW2019_1748_t013.jpg,1
CW2019_1748_t041.jpg,1
CW2019_1748_t043.jpg,1
CW2019_1748_t045.jpg,1
CW2019_1748_t046.jpg,1
CW2019_1748_t050.jpg,1
CW2019_1748_t066.jpg,1
CW2019_1748_t070.jpg,1
CW2019_1748_t080.jpg,1
CW2019_1748_t091.jpg,1
CW2019_1748_t098.jpg,0
CW2019_1748_t100.jpg,1
CW2019_1748_t101.jpg,1
CW2019_1748_t103.jpg,1
CW2019_1748_t105.jpg,1
CW2019_1748_t106.jpg,1
CW2019_1748_t110.jpg,1
CW2019_1748_t115.jpg,1
CW2019_1748_t123.jpg,1
CW2019_1748_t130.jpg,0
CW2019_1748_t131.jpg,1
CW2019_1748_t136.jpg,0
CW2019_1748_t145.jpg,1
CW2019_1748_t146.jpg,1
CW2019_1749_t000.jpg,1
CW2019_1749_t003.jpg,0
CW2019_1749_t013.jpg,1
CW2019_1749_t016.jpg,1
CW2019_1749_t020.jpg,1
CW2019_1749_t023.jpg,1
CW2019_1749_t025.jpg,1
CW2019_1749_t026.jpg,1
CW2019_1749_t035.jpg,1
CW2019_1749_t036.jpg,0
CW2019_1749_t038.jpg,1
CW2019_1749_t053.jpg,0
CW2019_1749_t073.jpg,1
CW2019_1749_t096.jpg,1
CW2019_1749_t106.jpg,1
CW2019_1749_t115.jpg,1
CW2019_1749_t118.jpg,1
CW2019_1749_t120.jpg,1
CW2019_1749_t123.jpg,1
CW2019_1749_t130.jpg,0
CW2019_1749_t135.jpg,0
CW2019_1749_t140.jpg,1
CW2019_1749_t143.jpg,0
CW2019_1749_t145.jpg,1
CW2019_1749_t151.jpg,0
CW2019_1752_t001.jpg,1
CW2019_1752_t010.jpg,1
CW2019_1752_t013.jpg,1
CW2019_1752_t016.jpg,1
CW2019_1752_t025.jpg,1
CW2019_1752_t028.jpg,1
CW2019_1752_t031.jpg,1
CW2019_1752_t033.jpg,0
CW2019_1752_t035.jpg,1
CW2019_1752_t045.jpg,1
CW2019_1752_t051.jpg,0
CW2019_1752_t053.jpg,0
CW2019_1752_t056.jpg,1
CW2019_1752_t063.jpg,1
CW2019_1752_t086.jpg,1
CW2019_1752_t093.jpg,1
CW2019_1752_t111.jpg,1
CW2019_1752_t118.jpg,1
CW2019_1752_t120.jpg,1
CW2019_1752_t125.jpg,0
CW2019_1752_t126.jpg,0
CW2019_1752_t130.jpg,0
CW2019_1752_t131.jpg,1
CW2019_1752_t136.jpg,0
CW2019_1752_t140.jpg,1
CW2019_1757_t010.jpg,0
CW2019_1757_t021.jpg,1
CW2019_1757_t035.jpg,1
CW2019_1757_t036.jpg,1
CW2019_1757_t045.jpg,0
CW2019_1757_t048.jpg,1
CW2019_1757_t050.jpg,1
CW2019_1757_t051.jpg,0
CW2019_1757_t053.jpg,0
CW2019_1757_t056.jpg,1
CW2019_1757_t063.jpg,1
CW2019_1757_t068.jpg,1
CW2019_1757_t070.jpg,1
CW2019_1757_t075.jpg,1
CW2019_1757_t078.jpg,0
CW2019_1757_t086.jpg,1
CW2019_1757_t093.jpg,1
CW2019_1757_t098.jpg,0
CW2019_1757_t100.jpg,1
CW2019_1757_t116.jpg,1
CW2019_1757_t118.jpg,1
CW2019_1757_t120.jpg,1
CW2019_1757_t121.jpg,1
CW2019_1757_t126.jpg,0
CW2019_1757_t146.jpg,0
CW2019_1758_t008.jpg,0
CW2019_1758_t010.jpg,1
CW2019_1758_t021.jpg,1
CW2019_1758_t026.jpg,1
CW2019_1758_t028.jpg,1
CW2019_1758_t038.jpg,1
CW2019_1758_t046.jpg,1
CW2019_1758_t056.jpg,1
CW2019_1758_t058.jpg,0
CW2019_1758_t066.jpg,1
CW2019_1758_t070.jpg,1
CW2019_1758_t073.jpg,1
CW2019_1758_t075.jpg,1
CW2019_1758_t076.jpg,1
CW2019_1758_t078.jpg,0
CW2019_1758_t095.jpg,1
CW2019_1758_t113.jpg,0
CW2019_1758_t120.jpg,1
CW2019_1758_t125.jpg,1
CW2019_1758_t131.jpg,1
CW2019_1758_t135.jpg,0
CW2019_1758_t136.jpg,0
CW2019_1758_t138.jpg,0
CW2019_1758_t140.jpg,1
CW2019_1758_t148.jpg,0
CW2019_1762_t005.jpg,1
CW2019_1762_t011.jpg,1
CW2019_1762_t015.jpg,0
CW2019_1762_t026.jpg,1
CW2019_1762_t033.jpg,1
CW2019_1762_t035.jpg,1
CW2019_1762_t040.jpg,1
CW2019_1762_t048.jpg,1
CW2019_1762_t050.jpg,0
CW2019_1762_t053.jpg,0
CW2019_1762_t056.jpg,1
CW2019_1762_t076.jpg,1
CW2019_1762_t088.jpg,1
CW2019_1762_t096.jpg,1
CW2019_1762_t098.jpg,0
CW2019_1762_t100.jpg,1
CW2019_1762_t103.jpg,1
CW2019_1762_t111.jpg,1
CW2019_1762_t113.jpg,0
CW2019_1762_t115.jpg,1
CW2019_1762_t116.jpg,1
CW2019_1762_t135.jpg,1
CW2019_1762_t138.jpg,0
CW2019_1762_t146.jpg,1
CW2019_1762_t150.jpg,1
CW2019_1774_t010.jpg,0
CW2019_1774_t015.jpg,0
CW2019_1774_t021.jpg,1
CW2019_1774_t028.jpg,1
CW2019_1774_t036.jpg,1
CW2019_1774_t040.jpg,1
CW2019_1774_t043.jpg,1
CW2019_1774_t045.jpg,1
CW2019_1774_t060.jpg,1
CW2019_1774_t063.jpg,1
CW2019_1774_t071.jpg,1
CW2019_1774_t073.jpg,1
CW2019_1774_t083.jpg,1
CW2019_1774_t085.jpg,1
CW2019_1774_t098.jpg,0
CW2019_1774_t103.jpg,1
CW2019_1774_t105.jpg,1
CW2019_1774_t110.jpg,1
CW2019_1774_t118.jpg,1
CW2019_1774_t120.jpg,1
CW2019_1774_t125.jpg,1
CW2019_1774_t130.jpg,0
CW2019_1774_t133.jpg,1
CW2019_1774_t143.jpg,0
CW2019_1774_t145.jpg,1
CW2019_1776_t001.jpg,1
CW2019_1776_t003.jpg,1
CW2019_1776_t020.jpg,1
CW2019_1776_t021.jpg,1
CW2019_1776_t026.jpg,1
CW2019_1776_t028.jpg,1
CW2019_1776_t035.jpg,1
CW2019_1776_t039.jpg,1
CW2019_1776_t048.jpg,1
CW2019_1776_t051.jpg,1
CW2019_1776_t056.jpg,1
CW2019_1776_t060.jpg,0
CW2019_1776_t061.jpg,0
CW2019_1776_t063.jpg,1
CW2019_1776_t068.jpg,1
CW2019_1776_t088.jpg,0
CW2019_1776_t090.jpg,1
CW2019_1776_t099.jpg,1
CW2019_1776_t110.jpg,0
CW2019_1776_t119.jpg,0
CW2019_1776_t139.jpg,1
CW2019_1776_t141.jpg,1
CW2019_1776_t143.jpg,0
CW2019_1776_t144.jpg,0
CW2019_1776_t146.jpg,0
CW2019_1781_t000.jpg,1
CW2019_1781_t005.jpg,1
CW2019_1781_t015.jpg,0
CW2019_1781_t016.jpg,1
CW2019_1781_t025.jpg,1
CW2019_1781_t028.jpg,1
CW2019_1781_t030.jpg,1
CW2019_1781_t033.jpg,0
CW2019_1781_t038.jpg,1
CW2019_1781_t040.jpg,1
CW2019_1781_t043.jpg,1
CW2019_1781_t046.jpg,1
CW2019_1781_t055.jpg,1
CW2019_1781_t068.jpg,1
CW2019_1781_t071.jpg,1
CW2019_1781_t075.jpg,1
CW2019_1781_t078.jpg,0
CW2019_1781_t086.jpg,1
CW2019_1781_t095.jpg,1
CW2019_1781_t101.jpg,1
CW2019_1781_t108.jpg,1
CW2019_1781_t130.jpg,0
CW2019_1781_t136.jpg,0
CW2019_1781_t141.jpg,1
CW2019_1781_t146.jpg,1
CW2019_1793_t010.jpg,0
CW2019_1793_t020.jpg,1
CW2019_1793_t023.jpg,1
CW2019_1793_t043.jpg,1
CW2019_1793_t048.jpg,1
CW2019_1793_t050.jpg,1
CW2019_1793_t053.jpg,0
CW2019_1793_t061.jpg,0
CW2019_1793_t066.jpg,0
CW2019_1793_t073.jpg,1
CW2019_1793_t075.jpg,1
CW2019_1793_t081.jpg,1
CW2019_1793_t085.jpg,1
CW2019_1793_t105.jpg,1
CW2019_1793_t106.jpg,1
CW2019_1793_t111.jpg,0
CW2019_1793_t113.jpg,0
CW2019_1793_t116.jpg,1
CW2019_1793_t118.jpg,1
CW2019_1793_t126.jpg,0
CW2019_1793_t128.jpg,1
CW2019_1793_t135.jpg,0
CW2019_1793_t136.jpg,0
CW2019_1793_t138.jpg,0
CW2019_1793_t141.jpg,1
CW2019_1794_t000.jpg,1
CW2019_1794_t013.jpg,1
CW2019_1794_t020.jpg,1
CW2019_1794_t023.jpg,1
CW2019_1794_t030.jpg,1
CW2019_1794_t041.jpg,1
CW2019_1794_t046.jpg,1
CW2019_1794_t050.jpg,1
CW2019_1794_t061.jpg,0
CW2019_1794_t063.jpg,1
CW2019_1794_t066.jpg,1
CW2019_1794_t073.jpg,1
CW2019_1794_t080.jpg,1
CW2019_1794_t081.jpg,1
CW2019_1794_t083.jpg,1
CW2019_1794_t085.jpg,1
CW2019_1794_t086.jpg,1
CW2019_1794_t091.jpg,1
CW2019_1794_t095.jpg,1
CW2019_1794_t103.jpg,1
CW2019_1794_t113.jpg,0
CW2019_1794_t115.jpg,1
CW2019_1794_t120.jpg,1
CW2019_1794_t143.jpg,0
CW2019_1794_t150.jpg,1
CW2019_1795_t003.jpg,1
CW2019_1795_t011.jpg,1
CW2019_1795_t021.jpg,1
CW2019_1795_t030.jpg,1
CW2019_1795_t035.jpg,1
CW2019_1795_t041.jpg,1
CW2019_1795_t051.jpg,0
CW2019_1795_t056.jpg,1
CW2019_1795_t063.jpg,1
CW2019_1795_t075.jpg,1
CW2019_1795_t076.jpg,1
CW2019_1795_t083.jpg,1
CW2019_1795_t085.jpg,1
CW2019_1795_t088.jpg,1
CW2019_1795_t090.jpg,1
CW2019_1795_t098.jpg,0
CW2019_1795_t113.jpg,0
CW2019_1795_t115.jpg,1
CW2019_1795_t125.jpg,1
CW2019_1795_t126.jpg,0
CW2019_1795_t131.jpg,1
CW2019_1795_t133.jpg,0
CW2019_1795_t138.jpg,0
CW2019_1795_t141.jpg,1
CW2019_1795_t148.jpg,1
CW2019_1797_t000.jpg,1
CW2019_1797_t001.jpg,1
CW2019_1797_t008.jpg,1
CW2019_1797_t020.jpg,1
CW2019_1797_t025.jpg,1
CW2019_1797_t030.jpg,1
CW2019_1797_t033.jpg,1
CW2019_1797_t035.jpg,1
CW2019_1797_t038.jpg,1
CW2019_1797_t045.jpg,1
CW2019_1797_t056.jpg,1
CW2019_1797_t060.jpg,1
CW2019_1797_t063.jpg,1
CW2019_1797_t068.jpg,1
CW2019_1797_t075.jpg,1
CW2019_1797_t085.jpg,1
CW2019_1797_t090.jpg,0
CW2019_1797_t096.jpg,1
CW2019_1797_t103.jpg,1
CW2019_1797_t111.jpg,1
CW2019_1797_t113.jpg,0
CW2019_1797_t116.jpg,1
CW2019_1797_t131.jpg,1
CW2019_1797_t136.jpg,0
CW2019_1797_t141.jpg,1
CW2019_1798_t011.jpg,1
CW2019_1798_t015.jpg,0
CW2019_1798_t028.jpg,1
CW2019_1798_t035.jpg,1
CW2019_1798_t036.jpg,1
CW2019_1798_t038.jpg,1
CW2019_1798_t041.jpg,1
CW2019_1798_t048.jpg,1
CW2019_1798_t066.jpg,0
CW2019_1798_t068.jpg,1
CW2019_1798_t071.jpg,1
CW2019_1798_t081.jpg,1
CW2019_1798_t083.jpg,1
CW2019_1798_t085.jpg,1
CW2019_1798_t086.jpg,1
CW2019_1798_t088.jpg,1
CW2019_1798_t091.jpg,1
CW2019_1798_t096.jpg,1
CW2019_1798_t105.jpg,1
CW2019_1798_t113.jpg,0
CW2019_1798_t116.jpg,1
CW2019_1798_t125.jpg,1
CW2019_1798_t128.jpg,1
CW2019_1798_t131.jpg,1
CW2019_1798_t143.jpg,0
CW2019_1800_t001.jpg,1
CW2019_1800_t005.jpg,1
CW2019_1800_t011.jpg,1
CW2019_1800_t013.jpg,1
CW2019_1800_t026.jpg,1
CW2019_1800_t030.jpg,1
CW2019_1800_t033.jpg,0
CW2019_1800_t043.jpg,1
CW2019_1800_t045.jpg,1
CW2019_1800_t051.jpg,1
CW2019_1800_t053.jpg,0
CW2019_1800_t061.jpg,0
CW2019_1800_t063.jpg,1
CW2019_1800_t066.jpg,0
CW2019_1800_t076.jpg,1
CW2019_1800_t085.jpg,1
CW2019_1800_t090.jpg,1
CW2019_1800_t091.jpg,1
CW2019_1800_t098.jpg,0
CW2019_1800_t101.jpg,1
CW2019_1800_t110.jpg,1
CW2019_1800_t133.jpg,1
CW2019_1800_t143.jpg,0
CW2019_1800_t146.jpg,1
CW2019_1800_t150.jpg,1
CW2019_1805_t008.jpg,0
CW2019_1805_t023.jpg,0
CW2019_1805_t038.jpg,1
CW2019_1805_t048.jpg,0
CW2019_1805_t050.jpg,1
CW2019_1805_t056.jpg,1
CW2019_1805_t060.jpg,1
CW2019_1805_t063.jpg,1
CW2019_1805_t070.jpg,1
CW2019_1805_t071.jpg,1
CW2019_1805_t075.jpg,1
CW2019_1805_t078.jpg,0
CW2019_1805_t081.jpg,1
CW2019_1805_t091.jpg,1
CW2019_1805_t098.jpg,1
CW2019_1805_t101.jpg,1
CW2019_1805_t108.jpg,1
CW2019_1805_t118.jpg,1
CW2019_1805_t120.jpg,1
CW2019_1805_t121.jpg,1
CW2019_1805_t128.jpg,1
CW2019_1805_t135.jpg,0
CW2019_1805_t138.jpg,0
CW2019_1805_t140.jpg,1
CW2019_1805_t150.jpg,1
CW2019_1808_t018.jpg,1
CW2019_1808_t030.jpg,1
CW2019_1808_t031.jpg,1
CW2019_1808_t033.jpg,1
CW2019_1808_t043.jpg,1
CW2019_1808_t048.jpg,1
CW2019_1808_t055.jpg,0
CW2019_1808_t058.jpg,0
CW2019_1808_t060.jpg,0
CW2019_1808_t073.jpg,1
CW2019_1808_t076.jpg,1
CW2019_1808_t080.jpg,1
CW2019_1808_t083.jpg,1
CW2019_1808_t090.jpg,1
CW2019_1808_t095.jpg,1
CW2019_1808_t096.jpg,1
CW2019_1808_t108.jpg,1
CW2019_1808_t121.jpg,1
CW2019_1808_t123.jpg,1
CW2019_1808_t128.jpg,1
CW2019_1808_t131.jpg,1
CW2019_1808_t136.jpg,1
CW2019_1808_t138.jpg,0
CW2019_1808_t140.jpg,1
CW2019_1808_t145.jpg,1
CW2019_1820_t016.jpg,1
CW2019_1820_t025.jpg,1
CW2019_1820_t026.jpg,1
CW2019_1820_t030.jpg,1
CW2019_1820_t033.jpg,0
CW2019_1820_t035.jpg,1
CW2019_1820_t040.jpg,1
CW2019_1820_t041.jpg,1
CW2019_1820_t045.jpg,1
CW2019_1820_t046.jpg,1
CW2019_1820_t051.jpg,0
CW2019_1820_t061.jpg,0
CW2019_1820_t066.jpg,0
CW2019_1820_t068.jpg,1
CW2019_1820_t078.jpg,0
CW2019_1820_t085.jpg,1
CW2019_1820_t093.jpg,1
CW2019_1820_t100.jpg,1
CW2019_1820_t108.jpg,1
CW2019_1820_t113.jpg,0
CW2019_1820_t116.jpg,1
CW2019_1820_t145.jpg,1
CW2019_1820_t146.jpg,1
CW2019_1820_t148.jpg,1
CW2019_1820_t150.jpg,1
CW2019_1824_t000.jpg,1
CW2019_1824_t005.jpg,1
CW2019_1824_t013.jpg,1
CW2019_1824_t016.jpg,1
CW2019_1824_t030.jpg,1
CW2019_1824_t036.jpg,1
CW2019_1824_t065.jpg,1
CW2019_1824_t076.jpg,1
CW2019_1824_t080.jpg,1
CW2019_1824_t081.jpg,1
CW2019_1824_t093.jpg,1
CW2019_1824_t096.jpg,1
CW2019_1824_t098.jpg,0
CW2019_1824_t100.jpg,1
CW2019_1824_t103.jpg,1
CW2019_1824_t106.jpg,1
CW2019_1824_t108.jpg,1
CW2019_1824_t110.jpg,1
CW2019_1824_t116.jpg,1
CW2019_1824_t118.jpg,1
CW2019_1824_t125.jpg,1
CW2019_1824_t143.jpg,0
CW2019_1824_t145.jpg,1
CW2019_1824_t146.jpg,1
CW2019_1824_t148.jpg,1
CW2019_1846_t001.jpg,1
CW2019_1846_t003.jpg,1
CW2019_1846_t005.jpg,1
CW2019_1846_t008.jpg,1
CW2019_1846_t009.jpg,0
CW2019_1846_t010.jpg,0
CW2019_1846_t011.jpg,1
CW2019_1846_t019.jpg,1
CW2019_1846_t020.jpg,1
CW2019_1846_t028.jpg,1
CW2019_1846_t029.jpg,1
CW2019_1846_t038.jpg,1
CW2019_1846_t044.jpg,0
CW2019_1846_t066.jpg,0
CW2019_1846_t070.jpg,1
CW2019_1846_t071.jpg,1
CW2019_1846_t074.jpg,1
CW2019_1846_t075.jpg,1
CW2019_1846_t089.jpg,1
CW2019_1846_t103.jpg,1
CW2019_1846_t105.jpg,1
CW2019_1846_t109.jpg,1
CW2019_1846_t111.jpg,1
CW2019_1846_t118.jpg,1
CW2019_1846_t133.jpg,1
CW2019_1847_t001.jpg,1
CW2019_1847_t016.jpg,1
CW2019_1847_t018.jpg,1
CW2019_1847_t021.jpg,1
CW2019_1847_t024.jpg,1
CW2019_1847_t029.jpg,1
CW2019_1847_t030.jpg,1
CW2019_1847_t036.jpg,0
CW2019_1847_t040.jpg,1
CW2019_1847_t051.jpg,1
CW2019_1847_t063.jpg,1
CW2019_1847_t078.jpg,0
CW2019_1847_t086.jpg,1
CW2019_1847_t091.jpg,1
CW2019_1847_t098.jpg,0
CW2019_1847_t108.jpg,1
CW2019_1847_t111.jpg,1
CW2019_1847_t121.jpg,1
CW2019_1847_t124.jpg,0
CW2019_1847_t135.jpg,1
CW2019_1847_t141.jpg,1
CW2019_1847_t145.jpg,0
CW2019_1847_t146.jpg,1
CW2019_1847_t148.jpg,1
CW2019_1847_t150.jpg,1
CW2019_1856_t005.jpg,1
CW2019_1856_t009.jpg,1
CW2019_1856_t013.jpg,1
CW2019_1856_t014.jpg,1
CW2019_1856_t016.jpg,1
CW2019_1856_t023.jpg,1
CW2019_1856_t029.jpg,1
CW2019_1856_t036.jpg,0
CW2019_1856_t041.jpg,1
CW2019_1856_t043.jpg,1
CW2019_1856_t051.jpg,1
CW2019_1856_t055.jpg,0
CW2019_1856_t058.jpg,0
CW2019_1856_t061.jpg,0
CW2019_1856_t070.jpg,1
CW2019_1856_t089.jpg,1
CW2019_1856_t094.jpg,1
CW2019_1856_t098.jpg,0
CW2019_1856_t113.jpg,0
CW2019_1856_t114.jpg,1
CW2019_1856_t115.jpg,1
CW2019_1856_t116.jpg,1
CW2019_1856_t136.jpg,0
CW2019_1856_t140.jpg,1
CW2019_1856_t151.jpg,1
CW2019_1868_t005.jpg,1
CW2019_1868_t010.jpg,1
CW2019_1868_t014.jpg,1
CW2019_1868_t018.jpg,1
CW2019_1868_t029.jpg,1
CW2019_1868_t039.jpg,0
CW2019_1868_t053.jpg,0
CW2019_1868_t055.jpg,0
CW2019_1868_t068.jpg,1
CW2019_1868_t075.jpg,1
CW2019_1868_t079.jpg,0
CW2019_1868_t089.jpg,1
CW2019_1868_t099.jpg,1
CW2019_1868_t100.jpg,1
CW2019_1868_t111.jpg,1
CW2019_1868_t118.jpg,1
CW2019_1868_t128.jpg,1
CW2019_1868_t130.jpg,1
CW2019_1868_t131.jpg,1
CW2019_1868_t133.jpg,0
CW2019_1868_t141.jpg,1
CW2019_1868_t144.jpg,0
CW2019_1868_t145.jpg,1
CW2019_1868_t148.jpg,1
CW2019_1868_t149.jpg,1
CW2019_1872_t000.jpg,1
CW2019_1872_t003.jpg,0
CW2019_1872_t008.jpg,1
CW2019_1872_t015.jpg,1
CW2019_1872_t026.jpg,1
CW2019_1872_t036.jpg,0
CW2019_1872_t043.jpg,1
CW2019_1872_t048.jpg,0
CW2019_1872_t050.jpg,1
CW2019_1872_t058.jpg,0
CW2019_1872_t060.jpg,1
CW2019_1872_t061.jpg,0
CW2019_1872_t066.jpg,0
CW2019_1872_t068.jpg,1
CW2019_1872_t070.jpg,1
CW2019_1872_t078.jpg,0
CW2019_1872_t091.jpg,1
CW2019_1872_t096.jpg,1
CW2019_1872_t110.jpg,1
CW2019_1872_t120.jpg,1
CW2019_1872_t133.jpg,1
CW2019_1872_t141.jpg,1
CW2019_1872_t143.jpg,0
CW2019_1872_t150.jpg,1
CW2019_1872_t151.jpg,0
CW2019_1876_t005.jpg,1
CW2019_1876_t008.jpg,1
CW2019_1876_t011.jpg,1
CW2019_1876_t025.jpg,1
CW2019_1876_t028.jpg,1
CW2019_1876_t031.jpg,1
CW2019_1876_t033.jpg,0
CW2019_1876_t036.jpg,1
CW2019_1876_t048.jpg,0
CW2019_1876_t058.jpg,1
CW2019_1876_t063.jpg,1
CW2019_1876_t066.jpg,1
CW2019_1876_t071.jpg,0
CW2019_1876_t073.jpg,1
CW2019_1876_t083.jpg,1
CW2019_1876_t088.jpg,1
CW2019_1876_t090.jpg,0
CW2019_1876_t091.jpg,1
CW2019_1876_t093.jpg,1
CW2019_1876_t101.jpg,1
CW2019_1876_t110.jpg,1
CW2019_1876_t113.jpg,1
CW2019_1876_t120.jpg,1
CW2019_1876_t123.jpg,1
CW2019_1876_t126.jpg,0
CW2019_1887_t000.jpg,1
CW2019_1887_t001.jpg,1
CW2019_1887_t004.jpg,0
CW2019_1887_t011.jpg,1
CW2019_1887_t024.jpg,1
CW2019_1887_t028.jpg,1
CW2019_1887_t034.jpg,1
CW2019_1887_t041.jpg,1
CW2019_1887_t043.jpg,1
CW2019_1887_t048.jpg,0
CW2019_1887_t051.jpg,0
CW2019_1887_t053.jpg,0
CW2019_1887_t061.jpg,0
CW2019_1887_t063.jpg,1
CW2019_1887_t081.jpg,1
CW2019_1887_t086.jpg,1
CW2019_1887_t094.jpg,1
CW2019_1887_t096.jpg,1
CW2019_1887_t098.jpg,0
CW2019_1887_t103.jpg,1
CW2019_1887_t113.jpg,0
CW2019_1887_t116.jpg,1
CW2019_1887_t120.jpg,1
CW2019_1887_t136.jpg,0
CW2019_1887_t146.jpg,1
CW2019_1891_t023.jpg,1
CW2019_1891_t026.jpg,1
CW2019_1891_t029.jpg,1
CW2019_1891_t035.jpg,1
CW2019_1891_t041.jpg,1
CW2019_1891_t045.jpg,0
CW2019_1891_t050.jpg,1
CW2019_1891_t056.jpg,1
CW2019_1891_t059.jpg,1
CW2019_1891_t061.jpg,0
CW2019_1891_t064.jpg,1
CW2019_1891_t078.jpg,0
CW2019_1891_t080.jpg,1
CW2019_1891_t084.jpg,1
CW2019_1891_t094.jpg,1
CW2019_1891_t100.jpg,1
CW2019_1891_t104.jpg,1
CW2019_1891_t119.jpg,0
CW2019_1891_t123.jpg,1
CW2019_1891_t128.jpg,1
CW2019_1891_t135.jpg,1
CW2019_1891_t138.jpg,0
CW2019_1891_t139.jpg,1
CW2019_1891_t141.jpg,1
CW2019_1891_t151.jpg,1
CW2019_1894_t003.jpg,1
CW2019_1894_t008.jpg,1
CW2019_1894_t021.jpg,1
CW2019_1894_t023.jpg,1
CW2019_1894_t028.jpg,1
CW2019_1894_t029.jpg,1
CW2019_1894_t036.jpg,0
CW2019_1894_t038.jpg,1
CW2019_1894_t039.jpg,0
CW2019_1894_t049.jpg,1
CW2019_1894_t051.jpg,1
CW2019_1894_t061.jpg,0
CW2019_1894_t068.jpg,1
CW2019_1894_t074.jpg,1
CW2019_1894_t081.jpg,1
CW2019_1894_t091.jpg,1
CW2019_1894_t094.jpg,1
CW2019_1894_t096.jpg,1
CW2019_1894_t099.jpg,1
CW2019_1894_t123.jpg,1
CW2019_1894_t126.jpg,0
CW2019_1894_t133.jpg,0
CW2019_1894_t143.jpg,0
CW2019_1894_t146.jpg,1
CW2019_1894_t149.jpg,1
CW2019_1897_t009.jpg,0
CW2019_1897_t029.jpg,1
CW2019_1897_t031.jpg,1
CW2019_1897_t034.jpg,1
CW2019_1897_t038.jpg,1
CW2019_1897_t039.jpg,0
CW2019_1897_t048.jpg,1
CW2019_1897_t049.jpg,1
CW2019_1897_t051.jpg,1
CW2019_1897_t058.jpg,0
CW2019_1897_t059.jpg,1
CW2019_1897_t064.jpg,1
CW2019_1897_t069.jpg,1
CW2019_1897_t099.jpg,1
CW2019_1897_t101.jpg,1
CW2019_1897_t103.jpg,1
CW2019_1897_t106.jpg,0
CW2019_1897_t108.jpg,1
CW2019_1897_t111.jpg,1
CW2019_1897_t121.jpg,1
CW2019_1897_t129.jpg,0
CW2019_1897_t134.jpg,1
CW2019_1897_t139.jpg,1
CW2019_1897_t141.jpg,1
CW2019_1897_t146.jpg,1
CW2019_1903_t001.jpg,1
CW2019_1903_t003.jpg,1
CW2019_1903_t008.jpg,1
CW2019_1903_t013.jpg,1
CW2019_1903_t014.jpg,1
CW2019_1903_t016.jpg,1
CW2019_1903_t019.jpg,1
CW2019_1903_t023.jpg,1
CW2019_1903_t026.jpg,1
CW2019_1903_t038.jpg,1
CW2019_1903_t043.jpg,1
CW2019_1903_t048.jpg,0
CW2019_1903_t051.jpg,0
CW2019_1903_t053.jpg,0
CW2019_1903_t066.jpg,1
CW2019_1903_t069.jpg,1
CW2019_1903_t076.jpg,1
CW2019_1903_t084.jpg,1
CW2019_1903_t086.jpg,1
CW2019_1903_t099.jpg,1
CW2019_1903_t104.jpg,1
CW2019_1903_t106.jpg,0
CW2019_1903_t113.jpg,0
CW2019_1903_t124.jpg,0
CW2019_1903_t139.jpg,1
CW2019_1911_t011.jpg,1
CW2019_1911_t016.jpg,1
CW2019_1911_t018.jpg,1
CW2019_1911_t019.jpg,1
CW2019_1911_t028.jpg,1
CW2019_1911_t034.jpg,1
CW2019_1911_t043.jpg,1
CW2019_1911_t048.jpg,1
CW2019_1911_t051.jpg,1
CW2019_1911_t056.jpg,1
CW2019_1911_t066.jpg,1
CW2019_1911_t078.jpg,0
CW2019_1911_t084.jpg,1
CW2019_1911_t086.jpg,1
CW2019_1911_t088.jpg,1
CW2019_1911_t091.jpg,1
CW2019_1911_t096.jpg,1
CW2019_1911_t101.jpg,1
CW2019_1911_t104.jpg,1
CW2019_1911_t109.jpg,1
CW2019_1911_t118.jpg,1
CW2019_1911_t126.jpg,0
CW2019_1911_t134.jpg,0
CW2019_1911_t143.jpg,0
CW2019_1911_t151.jpg,1
CW2019_1912_t001.jpg,1
CW2019_1912_t008.jpg,1
CW2019_1912_t010.jpg,1
CW2019_1912_t026.jpg,1
CW2019_1912_t029.jpg,1
CW2019_1912_t030.jpg,1
CW2019_1912_t033.jpg,0
CW2019_1912_t039.jpg,1
CW2019_1912_t043.jpg,1
CW2019_1912_t058.jpg,0
CW2019_1912_t059.jpg,1
CW2019_1912_t065.jpg,0
CW2019_1912_t070.jpg,1
CW2019_1912_t084.jpg,1
CW2019_1912_t090.jpg,0
CW2019_1912_t095.jpg,1
CW2019_1912_t099.jpg,1
CW2019_1912_t106.jpg,1
CW2019_1912_t113.jpg,0
CW2019_1912_t115.jpg,1
CW2019_1912_t119.jpg,0
CW2019_1912_t120.jpg,1
CW2019_1912_t124.jpg,0
CW2019_1912_t148.jpg,1
CW2019_1912_t149.jpg,1
CW2019_1913_t001.jpg,1
CW2019_1913_t003.jpg,0
CW2019_1913_t005.jpg,1
CW2019_1913_t013.jpg,0
CW2019_1913_t015.jpg,0
CW2019_1913_t019.jpg,1
CW2019_1913_t034.jpg,0
CW2019_1913_t040.jpg,1
CW2019_1913_t048.jpg,0
CW2019_1913_t055.jpg,0
CW2019_1913_t061.jpg,0
CW2019_1913_t074.jpg,1
CW2019_1913_t089.jpg,1
CW2019_1913_t091.jpg,1
CW2019_1913_t098.jpg,1
CW2019_1913_t111.jpg,1
CW2019_1913_t113.jpg,1
CW2019_1913_t121.jpg,1
CW2019_1913_t125.jpg,1
CW2019_1913_t126.jpg,1
CW2019_1913_t129.jpg,0
CW2019_1913_t130.jpg,0
CW2019_1913_t140.jpg,1
CW2019_1913_t146.jpg,1
CW2019_1913_t150.jpg,1
CW2019_1914_t000.jpg,1
CW2019_1914_t009.jpg,1
CW2019_1914_t016.jpg,1
CW2019_1914_t034.jpg,1
CW2019_1914_t046.jpg,1
CW2019_1914_t050.jpg,1
CW2019_1914_t060.jpg,1
CW2019_1914_t084.jpg,1
CW2019_1914_t085.jpg,1
CW2019_1914_t090.jpg,0
CW2019_1914_t100.jpg,1
CW2019_1914_t115.jpg,1
CW2019_1914_t120.jpg,1
CW2019_1914_t124.jpg,1
CW2019_1914_t126.jpg,1
CW2019_1914_t128.jpg,1
CW2019_1914_t133.jpg,1
CW2019_1914_t134.jpg,0
CW2019_1914_t135.jpg,0
CW2019_1914_t138.jpg,1
CW2019_1914_t139.jpg,1
CW2019_1914_t140.jpg,1
CW2019_1914_t143.jpg,0
CW2019_1914_t148.jpg,1
CW2019_1914_t150.jpg,1
CW2019_1918_t008.jpg,1
CW2019_1918_t010.jpg,1
CW2019_1918_t011.jpg,1
CW2019_1918_t018.jpg,1
CW2019_1918_t026.jpg,1
CW2019_1918_t031.jpg,1
CW2019_1918_t048.jpg,0
CW2019_1918_t051.jpg,1
CW2019_1918_t060.jpg,1
CW2019_1918_t064.jpg,1
CW2019_1918_t069.jpg,1
CW2019_1918_t071.jpg,1
CW2019_1918_t079.jpg,0
CW2019_1918_t080.jpg,1
CW2019_1918_t095.jpg,1
CW2019_1918_t109.jpg,1
CW2019_1918_t114.jpg,1
CW2019_1918_t119.jpg,0
CW2019_1918_t123.jpg,1
CW2019_1918_t125.jpg,1
CW2019_1918_t130.jpg,0
CW2019_1918_t134.jpg,0
CW2019_1918_t135.jpg,1
CW2019_1918_t145.jpg,1
CW2019_1918_t148.jpg,1
CW2019_1929_t004.jpg,0
CW2019_1929_t019.jpg,1
CW2019_1929_t020.jpg,1
CW2019_1929_t028.jpg,1
CW2019_1929_t029.jpg,1
CW2019_1929_t033.jpg,0
CW2019_1929_t038.jpg,1
CW2019_1929_t054.jpg,1
CW2019_1929_t058.jpg,0
CW2019_1929_t060.jpg,0
CW2019_1929_t071.jpg,1
CW2019_1929_t073.jpg,1
CW2019_1929_t074.jpg,1
CW2019_1929_t076.jpg,1
CW2019_1929_t078.jpg,0
CW2019_1929_t085.jpg,1
CW2019_1929_t089.jpg,1
CW2019_1929_t105.jpg,1
CW2019_1929_t110.jpg,1
CW2019_1929_t115.jpg,1
CW2019_1929_t116.jpg,1
CW2019_1929_t129.jpg,0
CW2019_1929_t131.jpg,1
CW2019_1929_t139.jpg,1
CW2019_1929_t145.jpg,1
CW2019_1932_t001.jpg,1
CW2019_1932_t004.jpg,1
CW2019_1932_t020.jpg,1
CW2019_1932_t025.jpg,1
CW2019_1932_t038.jpg,1
CW2019_1932_t043.jpg,1
CW2019_1932_t044.jpg,0
CW2019_1932_t045.jpg,0
CW2019_1932_t054.jpg,1
CW2019_1932_t060.jpg,0
CW2019_1932_t079.jpg,0
CW2019_1932_t081.jpg,1
CW2019_1932_t083.jpg,1
CW2019_1932_t090.jpg,0
CW2019_1932_t103.jpg,1
CW2019_1932_t119.jpg,0
CW2019_1932_t120.jpg,1
CW2019_1932_t123.jpg,1
CW2019_1932_t126.jpg,0
CW2019_1932_t128.jpg,1
CW2019_1932_t133.jpg,1
CW2019_1932_t140.jpg,1
CW2019_1932_t144.jpg,0
CW2019_1932_t146.jpg,1
CW2019_1932_t148.jpg,1
CW2019_1934_t001.jpg,1
CW2019_1934_t003.jpg,1
CW2019_1934_t018.jpg,1
CW2019_1934_t021.jpg,1
CW2019_1934_t024.jpg,1
CW2019_1934_t041.jpg,1
CW2019_1934_t056.jpg,1
CW2019_1934_t066.jpg,0
CW2019_1934_t069.jpg,1
CW2019_1934_t074.jpg,1
CW2019_1934_t076.jpg,1
CW2019_1934_t081.jpg,1
CW2019_1934_t083.jpg,1
CW2019_1934_t101.jpg,1
CW2019_1934_t106.jpg,1
CW2019_1934_t108.jpg,1
CW2019_1934_t109.jpg,1
CW2019_1934_t111.jpg,1
CW2019_1934_t114.jpg,1
CW2019_1934_t124.jpg,0
CW2019_1934_t126.jpg,1
CW2019_1934_t131.jpg,1
CW2019_1934_t139.jpg,1
CW2019_1934_t143.jpg,0
CW2019_1934_t149.jpg,1
CW2019_1953_t000.jpg,0
CW2019_1953_t008.jpg,1
CW2019_1953_t010.jpg,1
CW2019_1953_t011.jpg,0
CW2019_1953_t019.jpg,0
CW2019_1953_t020.jpg,0
CW2019_1953_t023.jpg,0
CW2019_1953_t035.jpg,1
CW2019_1953_t036.jpg,0
CW2019_1953_t049.jpg,1
CW2019_1953_t050.jpg,0
CW2019_1953_t058.jpg,0
CW2019_1953_t065.jpg,1
CW2019_1953_t069.jpg,1
CW2019_1953_t070.jpg,1
CW2019_1953_t074.jpg,1
CW2019_1953_t096.jpg,1
CW2019_1953_t101.jpg,1
CW2019_1953_t116.jpg,1
CW2019_1953_t118.jpg,1
CW2019_1953_t125.jpg,0
CW2019_1953_t129.jpg,0
CW2019_1953_t136.jpg,0
CW2019_1953_t140.jpg,1
CW2019_1953_t144.jpg,0
CW2019_1956_t000.jpg,0
CW2019_1956_t003.jpg,0
CW2019_1956_t009.jpg,0
CW2019_1956_t028.jpg,1
CW2019_1956_t029.jpg,1
CW2019_1956_t033.jpg,1
CW2019_1956_t041.jpg,1
CW2019_1956_t048.jpg,0
CW2019_1956_t050.jpg,1
CW2019_1956_t051.jpg,0
CW2019_1956_t059.jpg,1
CW2019_1956_t066.jpg,0
CW2019_1956_t068.jpg,1
CW2019_1956_t071.jpg,1
CW2019_1956_t080.jpg,1
CW2019_1956_t088.jpg,1
CW2019_1956_t094.jpg,1
CW2019_1956_t095.jpg,0
CW2019_1956_t098.jpg,1
CW2019_1956_t100.jpg,1
CW2019_1956_t103.jpg,1
CW2019_1956_t111.jpg,1
CW2019_1956_t113.jpg,1
CW2019_1956_t114.jpg,1
CW2019_1956_t115.jpg,1
CW2019_1962_t008.jpg,1
CW2019_1962_t011.jpg,1
CW2019_1962_t016.jpg,1
CW2019_1962_t023.jpg,1
CW2019_1962_t028.jpg,1
CW2019_1962_t029.jpg,1
CW2019_1962_t031.jpg,1
CW2019_1962_t038.jpg,1
CW2019_1962_t041.jpg,1
CW2019_1962_t054.jpg,1
CW2019_1962_t058.jpg,0
CW2019_1962_t061.jpg,0
CW2019_1962_t064.jpg,1
CW2019_1962_t068.jpg,1
CW2019_1962_t074.jpg,1
CW2019_1962_t078.jpg,0
CW2019_1962_t084.jpg,1
CW2019_1962_t086.jpg,1
CW2019_1962_t096.jpg,1
CW2019_1962_t099.jpg,1
CW2019_1962_t108.jpg,1
CW2019_1962_t116.jpg,1
CW2019_1962_t118.jpg,1
CW2019_1962_t124.jpg,0
CW2019_1962_t129.jpg,0
CW2019_1969_t011.jpg,1
CW2019_1969_t016.jpg,1
CW2019_1969_t018.jpg,1
CW2019_1969_t019.jpg,1
CW2019_1969_t036.jpg,0
CW2019_1969_t039.jpg,0
CW2019_1969_t046.jpg,1
CW2019_1969_t048.jpg,1
CW2019_1969_t053.jpg,0
CW2019_1969_t061.jpg,0
CW2019_1969_t064.jpg,1
CW2019_1969_t068.jpg,1
CW2019_1969_t071.jpg,1
CW2019_1969_t073.jpg,1
CW2019_1969_t079.jpg,0
CW2019_1969_t096.jpg,1
CW2019_1969_t098.jpg,0
CW2019_1969_t104.jpg,1
CW2019_1969_t108.jpg,1
CW2019_1969_t113.jpg,0
CW2019_1969_t129.jpg,0
CW2019_1969_t141.jpg,1
CW2019_1969_t143.jpg,1
CW2019_1969_t146.jpg,1
CW2019_1969_t149.jpg,1
CW2019_1983_t005.jpg,1
CW2019_1983_t008.jpg,1
CW2019_1983_t009.jpg,0
CW2019_1983_t014.jpg,0
CW2019_1983_t025.jpg,1
CW2019_1983_t028.jpg,1
CW2019_1983_t043.jpg,1
CW2019_1983_t044.jpg,0
CW2019_1983_t046.jpg,1
CW2019_1983_t056.jpg,1
CW2019_1983_t064.jpg,1
CW2019_1983_t071.jpg,1
CW2019_1983_t075.jpg,1
CW2019_1983_t081.jpg,1
CW2019_1983_t083.jpg,1
CW2019_1983_t084.jpg,1
CW2019_1983_t086.jpg,1
CW2019_1983_t094.jpg,1
CW2019_1983_t099.jpg,1
CW2019_1983_t103.jpg,1
CW2019_1983_t104.jpg,1
CW2019_1983_t105.jpg,1
CW2019_1983_t106.jpg,1
CW2019_1983_t141.jpg,1
CW2019_1983_t143.jpg,0
CW2019_1988_t001.jpg,1
CW2019_1988_t009.jpg,0
CW2019_1988_t010.jpg,1
CW2019_1988_t011.jpg,1
CW2019_1988_t029.jpg,1
CW2019_1988_t031.jpg,1
CW2019_1988_t039.jpg,0
CW2019_1988_t043.jpg,1
CW2019_1988_t051.jpg,1
CW2019_1988_t054.jpg,1
CW2019_1988_t056.jpg,1
CW2019_1988_t058.jpg,0
CW2019_1988_t059.jpg,1
CW2019_1988_t064.jpg,1
CW2019_1988_t071.jpg,1
CW2019_1988_t073.jpg,1
CW2019_1988_t075.jpg,1
CW2019_1988_t093.jpg,1
CW2019_1988_t094.jpg,1
CW2019_1988_t099.jpg,1
CW2019_1988_t118.jpg,1
CW2019_1988_t124.jpg,0
CW2019_1988_t126.jpg,0
CW2019_1988_t141.jpg,1
CW2019_1988_t144.jpg,0
CW2019_1993_t011.jpg,1
CW2019_1993_t020.jpg,1
CW2019_1993_t021.jpg,1
CW2019_1993_t031.jpg,1
CW2019_1993_t043.jpg,1
CW2019_1993_t053.jpg,0
CW2019_1993_t058.jpg,0
CW2019_1993_t060.jpg,1
CW2019_1993_t061.jpg,0
CW2019_1993_t063.jpg,1
CW2019_1993_t065.jpg,1
CW2019_1993_t070.jpg,1
CW2019_1993_t073.jpg,1
CW2019_1993_t075.jpg,1
CW2019_1993_t080.jpg,1
CW2019_1993_t096.jpg,1
CW2019_1993_t108.jpg,1
CW2019_1993_t111.jpg,1
CW2019_1993_t116.jpg,1
CW2019_1993_t120.jpg,1
CW2019_1993_t123.jpg,1
CW2019_1993_t128.jpg,1
CW2019_1993_t135.jpg,0
CW2019_1993_t136.jpg,0
CW2019_1993_t143.jpg,0
CW2019_1994_t011.jpg,1
CW2019_1994_t023.jpg,1
CW2019_1994_t033.jpg,0
CW2019_1994_t035.jpg,1
CW2019_1994_t041.jpg,1
CW2019_1994_t046.jpg,1
CW2019_1994_t048.jpg,0
CW2019_1994_t050.jpg,1
CW2019_1994_t051.jpg,0
CW2019_1994_t061.jpg,0
CW2019_1994_t063.jpg,1
CW2019_1994_t068.jpg,1
CW2019_1994_t071.jpg,1
CW2019_1994_t076.jpg,1
CW2019_1994_t085.jpg,1
CW2019_1994_t088.jpg,1
CW2019_1994_t090.jpg,0
CW2019_1994_t091.jpg,1
CW2019_1994_t093.jpg,1
CW2019_1994_t101.jpg,1
CW2019_1994_t115.jpg,1
CW2019_1994_t116.jpg,1
CW2019_1994_t120.jpg,1
CW2019_1994_t125.jpg,1
CW2019_1994_t140.jpg,1
CW2019_1997_t001.jpg,1
CW2019_1997_t003.jpg,0
CW2019_1997_t005.jpg,1
CW2019_1997_t021.jpg,1
CW2019_1997_t041.jpg,1
CW2019_1997_t046.jpg,1
CW2019_1997_t050.jpg,1
CW2019_1997_t051.jpg,0
CW2019_1997_t055.jpg,1
CW2019_1997_t056.jpg,1
CW2019_1997_t065.jpg,1
CW2019_1997_t071.jpg,1
CW2019_1997_t081.jpg,1
CW2019_1997_t086.jpg,1
CW2019_1997_t095.jpg,1
CW2019_1997_t096.jpg,1
CW2019_1997_t105.jpg,1
CW2019_1997_t110.jpg,1
CW2019_1997_t113.jpg,0
CW2019_1997_t125.jpg,1
CW2019_1997_t126.jpg,1
CW2019_1997_t128.jpg,1
CW2019_1997_t130.jpg,0
CW2019_1997_t133.jpg,1
CW2019_1997_t151.jpg,0
CW2019_2003_t005.jpg,1
CW2019_2003_t016.jpg,1
CW2019_2003_t026.jpg,1
CW2019_2003_t033.jpg,0
CW2019_2003_t038.jpg,1
CW2019_2003_t040.jpg,1
CW2019_2003_t051.jpg,0
CW2019_2003_t063.jpg,1
CW2019_2003_t073.jpg,1
CW2019_2003_t083.jpg,1
CW2019_2003_t085.jpg,1
CW2019_2003_t086.jpg,1
CW2019_2003_t088.jpg,1
CW2019_2003_t090.jpg,1
CW2019_2003_t095.jpg,1
CW2019_2003_t096.jpg,1
CW2019_2003_t105.jpg,1
CW2019_2003_t106.jpg,0
CW2019_2003_t108.jpg,1
CW2019_2003_t115.jpg,1
CW2019_2003_t116.jpg,1
CW2019_2003_t125.jpg,1
CW2019_2003_t126.jpg,0
CW2019_2003_t138.jpg,0
CW2019_2003_t141.jpg,1
CW2019_2029_t016.jpg,1
CW2019_2029_t026.jpg,1
CW2019_2029_t029.jpg,1
CW2019_2029_t033.jpg,0
CW2019_2029_t034.jpg,0
CW2019_2029_t036.jpg,1
CW2019_2029_t043.jpg,1
CW2019_2029_t048.jpg,0
CW2019_2029_t056.jpg,1
CW2019_2029_t058.jpg,1
CW2019_2029_t059.jpg,1
CW2019_2029_t064.jpg,1
CW2019_2029_t073.jpg,1
CW2019_2029_t076.jpg,1
CW2019_2029_t093.jpg,1
CW2019_2029_t104.jpg,1
CW2019_2029_t108.jpg,1
CW2019_2029_t111.jpg,1
CW2019_2029_t114.jpg,1
CW2019_2029_t116.jpg,1
CW2019_2029_t126.jpg,0
CW2019_2029_t129.jpg,0
CW2019_2029_t134.jpg,0
CW2019_2029_t139.jpg,1
CW2019_2029_t143.jpg,1
CW2019_2035_t008.jpg,1
CW2019_2035_t011.jpg,1
CW2019_2035_t014.jpg,0
CW2019_2035_t028.jpg,1
CW2019_2035_t033.jpg,0
CW2019_2035_t034.jpg,1
CW2019_2035_t041.jpg,1
CW2019_2035_t046.jpg,1
CW2019_2035_t049.jpg,1
CW2019_2035_t054.jpg,1
CW2019_2035_t059.jpg,1
CW2019_2035_t063.jpg,1
CW2019_2035_t064.jpg,1
CW2019_2035_t066.jpg,0
CW2019_2035_t068.jpg,1
CW2019_2035_t071.jpg,1
CW2019_2035_t086.jpg,1
CW2019_2035_t091.jpg,1
CW2019_2035_t106.jpg,1
CW2019_2035_t109.jpg,1
CW2019_2035_t111.jpg,1
CW2019_2035_t113.jpg,0
CW2019_2035_t123.jpg,1
CW2019_2035_t126.jpg,1
CW2019_2035_t128.jpg,1
CW2019_2041_t000.jpg,0
CW2019_2041_t001.jpg,0
CW2019_2041_t003.jpg,0
CW2019_2041_t004.jpg,0
CW2019_2041_t014.jpg,1
CW2019_2041_t031.jpg,1
CW2019_2041_t034.jpg,0
CW2019_2041_t038.jpg,1
CW2019_2041_t041.jpg,1
CW2019_2041_t053.jpg,0
CW2019_2041_t055.jpg,0
CW2019_2041_t059.jpg,1
CW2019_2041_t064.jpg,1
CW2019_2041_t065.jpg,1
CW2019_2041_t074.jpg,1
CW2019_2041_t078.jpg,1
CW2019_2041_t083.jpg,1
CW2019_2041_t090.jpg,0
CW2019_2041_t100.jpg,1
CW2019_2041_t105.jpg,1
CW2019_2041_t113.jpg,0
CW2019_2041_t114.jpg,1
CW2019_2041_t123.jpg,1
CW2019_2041_t125.jpg,1
CW2019_2041_t145.jpg,0
CW2019_2045_t004.jpg,0
CW2019_2045_t011.jpg,0
CW2019_2045_t013.jpg,0
CW2019_2045_t018.jpg,1
CW2019_2045_t023.jpg,1
CW2019_2045_t029.jpg,1
CW2019_2045_t031.jpg,1
CW2019_2045_t041.jpg,1
CW2019_2045_t043.jpg,1
CW2019_2045_t049.jpg,1
CW2019_2045_t059.jpg,1
CW2019_2045_t064.jpg,1
CW2019_2045_t071.jpg,1
CW2019_2045_t073.jpg,1
CW2019_2045_t076.jpg,1
CW2019_2045_t081.jpg,1
CW2019_2045_t083.jpg,1
CW2019_2045_t084.jpg,1
CW2019_2045_t098.jpg,1
CW2019_2045_t101.jpg,1
CW2019_2045_t108.jpg,1
CW2019_2045_t119.jpg,0
CW2019_2045_t134.jpg,0
CW2019_2045_t136.jpg,0
CW2019_2045_t148.jpg,1
CW2019_2065_t001.jpg,0
CW2019_2065_t003.jpg,0
CW2019_2065_t008.jpg,1
CW2019_2065_t013.jpg,0
CW2019_2065_t014.jpg,1
CW2019_2065_t023.jpg,1
CW2019_2065_t026.jpg,1
CW2019_2065_t043.jpg,1
CW2019_2065_t048.jpg,0
CW2019_2065_t049.jpg,1
CW2019_2065_t051.jpg,0
CW2019_2065_t063.jpg,1
CW2019_2065_t069.jpg,1
CW2019_2065_t084.jpg,1
CW2019_2065_t089.jpg,1
CW2019_2065_t091.jpg,0
CW2019_2065_t096.jpg,1
CW2019_2065_t108.jpg,1
CW2019_2065_t114.jpg,1
CW2019_2065_t121.jpg,1
CW2019_2065_t128.jpg,1
CW2019_2065_t133.jpg,1
CW2019_2065_t134.jpg,0
CW2019_2065_t144.jpg,1
CW2019_2065_t151.jpg,0
CW2019_2070_t003.jpg,0
CW2019_2070_t009.jpg,1
CW2019_2070_t021.jpg,1
CW2019_2070_t024.jpg,1
CW2019_2070_t026.jpg,1
CW2019_2070_t029.jpg,1
CW2019_2070_t034.jpg,0
CW2019_2070_t038.jpg,1
CW2019_2070_t044.jpg,1
CW2019_2070_t051.jpg,0
CW2019_2070_t053.jpg,1
CW2019_2070_t059.jpg,1
CW2019_2070_t069.jpg,1
CW2019_2070_t078.jpg,0
CW2019_2070_t079.jpg,0
CW2019_2070_t081.jpg,1
CW2019_2070_t083.jpg,1
CW2019_2070_t093.jpg,1
CW2019_2070_t104.jpg,1
CW2019_2070_t111.jpg,1
CW2019_2070_t124.jpg,0
CW2019_2070_t126.jpg,0
CW2019_2070_t128.jpg,1
CW2019_2070_t129.jpg,0
CW2019_2070_t138.jpg,0
CW2019_2073_t004.jpg,0
CW2019_2073_t013.jpg,1
CW2019_2073_t016.jpg,1
CW2019_2073_t018.jpg,1
CW2019_2073_t023.jpg,1
CW2019_2073_t028.jpg,1
CW2019_2073_t039.jpg,1
CW2019_2073_t041.jpg,1
CW2019_2073_t053.jpg,1
CW2019_2073_t059.jpg,1
CW2019_2073_t068.jpg,1
CW2019_2073_t076.jpg,1
CW2019_2073_t079.jpg,0
CW2019_2073_t081.jpg,1
CW2019_2073_t084.jpg,1
CW2019_2073_t089.jpg,1
CW2019_2073_t094.jpg,1
CW2019_2073_t096.jpg,1
CW2019_2073_t111.jpg,1
CW2019_2073_t123.jpg,1
CW2019_2073_t128.jpg,1
CW2019_2073_t136.jpg,0
CW2019_2073_t143.jpg,0
CW2019_2073_t144.jpg,0
CW2019_2073_t149.jpg,1
CW2019_2075_t004.jpg,0
CW2019_2075_t016.jpg,0
CW2019_2075_t018.jpg,1
CW2019_2075_t021.jpg,1
CW2019_2075_t029.jpg,1
CW2019_2075_t031.jpg,1
CW2019_2075_t039.jpg,1
CW2019_2075_t048.jpg,1
CW2019_2075_t061.jpg,0
CW2019_2075_t063.jpg,1
CW2019_2075_t071.jpg,1
CW2019_2075_t073.jpg,1
CW2019_2075_t079.jpg,0
CW2019_2075_t103.jpg,1
CW2019_2075_t104.jpg,1
CW2019_2075_t106.jpg,1
CW2019_2075_t108.jpg,1
CW2019_2075_t114.jpg,1
CW2019_2075_t116.jpg,1
CW2019_2075_t121.jpg,1
CW2019_2075_t126.jpg,1
CW2019_2075_t136.jpg,0
CW2019_2075_t138.jpg,0
CW2019_2075_t148.jpg,1
CW2019_2075_t149.jpg,1
CW2019_2082_t013.jpg,0
CW2019_2082_t019.jpg,0
CW2019_2082_t023.jpg,1
CW2019_2082_t031.jpg,1
CW2019_2082_t033.jpg,0
CW2019_2082_t043.jpg,1
CW2019_2082_t046.jpg,1
CW2019_2082_t048.jpg,0
CW2019_2082_t054.jpg,1
CW2019_2082_t058.jpg,1
CW2019_2082_t071.jpg,1
CW2019_2082_t073.jpg,1
CW2019_2082_t079.jpg,0
CW2019_2082_t084.jpg,1
CW2019_2082_t088.jpg,1
CW2019_2082_t101.jpg,1
CW2019_2082_t103.jpg,1
CW2019_2082_t108.jpg,1
CW2019_2082_t109.jpg,1
CW2019_2082_t126.jpg,0
CW2019_2082_t129.jpg,0
CW2019_2082_t131.jpg,1
CW2019_2082_t134.jpg,0
CW2019_2082_t139.jpg,1
CW2019_2082_t144.jpg,0
CW2019_2089_t003.jpg,0
CW2019_2089_t004.jpg,0
CW2019_2089_t009.jpg,0
CW2019_2089_t023.jpg,1
CW2019_2089_t028.jpg,1
CW2019_2089_t034.jpg,0
CW2019_2089_t043.jpg,1
CW2019_2089_t049.jpg,1
CW2019_2089_t058.jpg,1
CW2019_2089_t061.jpg,0
CW2019_2089_t066.jpg,0
CW2019_2089_t068.jpg,1
CW2019_2089_t076.jpg,1
CW2019_2089_t086.jpg,1
CW2019_2089_t099.jpg,1
CW2019_2089_t106.jpg,1
CW2019_2089_t111.jpg,1
CW2019_2089_t114.jpg,1
CW2019_2089_t116.jpg,1
CW2019_2089_t119.jpg,0
CW2019_2089_t128.jpg,1
CW2019_2089_t134.jpg,0
CW2019_2089_t138.jpg,0
CW2019_2089_t141.jpg,1
CW2019_2089_t151.jpg,0
CW2019_2090_t028.jpg,1
CW2019_2090_t036.jpg,0
CW2019_2090_t038.jpg,1
CW2019_2090_t041.jpg,1
CW2019_2090_t046.jpg,1
CW2019_2090_t049.jpg,1
CW2019_2090_t053.jpg,0
CW2019_2090_t064.jpg,1
CW2019_2090_t068.jpg,1
CW2019_2090_t076.jpg,1
CW2019_2090_t078.jpg,1
CW2019_2090_t079.jpg,0
CW2019_2090_t083.jpg,1
CW2019_2090_t093.jpg,1
CW2019_2090_t094.jpg,1
CW2019_2090_t096.jpg,1
CW2019_2090_t103.jpg,1
CW2019_2090_t104.jpg,1
CW2019_2090_t111.jpg,1
CW2019_2090_t118.jpg,1
CW2019_2090_t128.jpg,1
CW2019_2090_t129.jpg,0
CW2019_2090_t131.jpg,1
CW2019_2090_t139.jpg,1
CW2019_2090_t148.jpg,0
CW2019_2094_t004.jpg,0
CW2019_2094_t008.jpg,1
CW2019_2094_t013.jpg,0
CW2019_2094_t016.jpg,1
CW2019_2094_t026.jpg,1
CW2019_2094_t029.jpg,1
CW2019_2094_t033.jpg,0
CW2019_2094_t043.jpg,1
CW2019_2094_t046.jpg,1
CW2019_2094_t048.jpg,0
CW2019_2094_t061.jpg,1
CW2019_2094_t068.jpg,1
CW2019_2094_t071.jpg,1
CW2019_2094_t083.jpg,1
CW2019_2094_t084.jpg,1
CW2019_2094_t093.jpg,1
CW2019_2094_t098.jpg,0
CW2019_2094_t108.jpg,1
CW2019_2094_t111.jpg,1
CW2019_2094_t114.jpg,1
CW2019_2094_t119.jpg,1
CW2019_2094_t129.jpg,0
CW2019_2094_t139.jpg,1
CW2019_2094_t141.jpg,1
CW2019_2094_t151.jpg,0
CW2019_2098_t008.jpg,1
CW2019_2098_t014.jpg,1
CW2019_2098_t036.jpg,1
CW2019_2098_t038.jpg,1
CW2019_2098_t041.jpg,1
CW2019_2098_t051.jpg,0
CW2019_2098_t054.jpg,1
CW2019_2098_t058.jpg,0
CW2019_2098_t059.jpg,1
CW2019_2098_t061.jpg,0
CW2019_2098_t068.jpg,1
CW2019_2098_t078.jpg,0
CW2019_2098_t088.jpg,1
CW2019_2098_t089.jpg,1
CW2019_2098_t098.jpg,0
CW2019_2098_t104.jpg,1
CW2019_2098_t108.jpg,1
CW2019_2098_t113.jpg,0
CW2019_2098_t116.jpg,1
CW2019_2098_t129.jpg,0
CW2019_2098_t138.jpg,0
CW2019_2098_t139.jpg,1
CW2019_2098_t141.jpg,1
CW2019_2098_t148.jpg,1
CW2019_2098_t151.jpg,1
CW2019_2104_t016.jpg,1
CW2019_2104_t019.jpg,1
CW2019_2104_t028.jpg,1
CW2019_2104_t031.jpg,1
CW2019_2104_t043.jpg,1
CW2019_2104_t044.jpg,0
CW2019_2104_t053.jpg,1
CW2019_2104_t056.jpg,1
CW2019_2104_t063.jpg,1
CW2019_2104_t064.jpg,1
CW2019_2104_t066.jpg,0
CW2019_2104_t069.jpg,1
CW2019_2104_t071.jpg,1
CW2019_2104_t078.jpg,0
CW2019_2104_t084.jpg,1
CW2019_2104_t086.jpg,1
CW2019_2104_t098.jpg,0
CW2019_2104_t099.jpg,1
CW2019_2104_t111.jpg,1
CW2019_2104_t131.jpg,1
CW2019_2104_t133.jpg,1
CW2019_2104_t138.jpg,0
CW2019_2104_t139.jpg,1
CW2019_2104_t141.jpg,1
CW2019_2104_t151.jpg,0
CW2019_2115_t011.jpg,1
CW2019_2115_t014.jpg,1
CW2019_2115_t018.jpg,1
CW2019_2115_t024.jpg,1
CW2019_2115_t031.jpg,1
CW2019_2115_t033.jpg,0
CW2019_2115_t046.jpg,1
CW2019_2115_t048.jpg,0
CW2019_2115_t061.jpg,1
CW2019_2115_t068.jpg,1
CW2019_2115_t073.jpg,1
CW2019_2115_t076.jpg,1
CW2019_2115_t078.jpg,0
CW2019_2115_t079.jpg,0
CW2019_2115_t081.jpg,1
CW2019_2115_t086.jpg,1
CW2019_2115_t088.jpg,1
CW2019_2115_t099.jpg,1
CW2019_2115_t104.jpg,1
CW2019_2115_t114.jpg,1
CW2019_2115_t116.jpg,1
CW2019_2115_t126.jpg,1
CW2019_2115_t129.jpg,1
CW2019_2115_t144.jpg,0
CW2019_2115_t146.jpg,1
CW2019_2121_t011.jpg,1
CW2019_2121_t024.jpg,1
CW2019_2121_t026.jpg,1
CW2019_2121_t036.jpg,1
CW2019_2121_t041.jpg,1
CW2019_2121_t044.jpg,1
CW2019_2121_t056.jpg,1
CW2019_2121_t064.jpg,1
CW2019_2121_t066.jpg,0
CW2019_2121_t069.jpg,1
CW2019_2121_t076.jpg,1
CW2019_2121_t083.jpg,1
CW2019_2121_t089.jpg,1
CW2019_2121_t099.jpg,1
CW2019_2121_t101.jpg,1
CW2019_2121_t103.jpg,1
CW2019_2121_t106.jpg,1
CW2019_2121_t109.jpg,1
CW2019_2121_t116.jpg,1
CW2019_2121_t118.jpg,1
CW2019_2121_t136.jpg,0
CW2019_2121_t139.jpg,1
CW2019_2121_t143.jpg,0
CW2019_2121_t144.jpg,0
CW2019_2121_t146.jpg,1
CW2019_2122_t013.jpg,1
CW2019_2122_t014.jpg,1
CW2019_2122_t024.jpg,0
CW2019_2122_t028.jpg,1
CW2019_2122_t029.jpg,1
CW2019_2122_t036.jpg,1
CW2019_2122_t038.jpg,1
CW2019_2122_t041.jpg,1
CW2019_2122_t051.jpg,0
CW2019_2122_t058.jpg,1
CW2019_2122_t061.jpg,0
CW2019_2122_t066.jpg,0
CW2019_2122_t069.jpg,1
CW2019_2122_t076.jpg,1
CW2019_2122_t079.jpg,0
CW2019_2122_t081.jpg,1
CW2019_2122_t083.jpg,1
CW2019_2122_t093.jpg,1
CW2019_2122_t101.jpg,1
CW2019_2122_t106.jpg,1
CW2019_2122_t111.jpg,1
CW2019_2122_t113.jpg,1
CW2019_2122_t114.jpg,1
CW2019_2122_t136.jpg,0
CW2019_2122_t141.jpg,1
CW2019_2127_t008.jpg,1
CW2019_2127_t013.jpg,1
CW2019_2127_t014.jpg,1
CW2019_2127_t021.jpg,1
CW2019_2127_t028.jpg,1
CW2019_2127_t029.jpg,1
CW2019_2127_t039.jpg,1
CW2019_2127_t061.jpg,1
CW2019_2127_t063.jpg,1
CW2019_2127_t066.jpg,0
CW2019_2127_t071.jpg,1
CW2019_2127_t073.jpg,1
CW2019_2127_t088.jpg,1
CW2019_2127_t094.jpg,1
CW2019_2127_t103.jpg,1
CW2019_2127_t113.jpg,1
CW2019_2127_t114.jpg,1
CW2019_2127_t121.jpg,1
CW2019_2127_t129.jpg,0
CW2019_2127_t136.jpg,0
CW2019_2127_t138.jpg,0
CW2019_2127_t141.jpg,1
CW2019_2127_t144.jpg,0
CW2019_2127_t148.jpg,1
CW2019_2127_t151.jpg,0
CW2019_2128_t024.jpg,1
CW2019_2128_t031.jpg,1
CW2019_2128_t036.jpg,0
CW2019_2128_t041.jpg,1
CW2019_2128_t043.jpg,1
CW2019_2128_t044.jpg,0
CW2019_2128_t048.jpg,0
CW2019_2128_t049.jpg,1
CW2019_2128_t051.jpg,0
CW2019_2128_t053.jpg,1
CW2019_2128_t054.jpg,1
CW2019_2128_t078.jpg,0
CW2019_2128_t081.jpg,1
CW2019_2128_t088.jpg,1
CW2019_2128_t089.jpg,1
CW2019_2128_t094.jpg,1
CW2019_2128_t108.jpg,1
CW2019_2128_t121.jpg,1
CW2019_2128_t124.jpg,0
CW2019_2128_t139.jpg,1
CW2019_2128_t143.jpg,0
CW2019_2128_t144.jpg,0
CW2019_2128_t146.jpg,0
CW2019_2128_t148.jpg,1
CW2019_2128_t149.jpg,1
CW2019_2134_t001.jpg,1
CW2019_2134_t004.jpg,1
CW2019_2134_t008.jpg,1
CW2019_2134_t011.jpg,1
CW2019_2134_t019.jpg,1
CW2019_2134_t021.jpg,1
CW2019_2134_t023.jpg,1
CW2019_2134_t029.jpg,1
CW2019_2134_t034.jpg,1
CW2019_2134_t036.jpg,0
CW2019_2134_t039.jpg,1
CW2019_2134_t043.jpg,1
CW2019_2134_t044.jpg,0
CW2019_2134_t054.jpg,1
CW2019_2134_t058.jpg,0
CW2019_2134_t059.jpg,1
CW2019_2134_t068.jpg,1
CW2019_2134_t069.jpg,1
CW2019_2134_t081.jpg,1
CW2019_2134_t104.jpg,1
CW2019_2134_t109.jpg,1
CW2019_2134_t113.jpg,0
CW2019_2134_t114.jpg,1
CW2019_2134_t131.jpg,1
CW2019_2134_t138.jpg,0
CW2019_2140_t011.jpg,1
CW2019_2140_t013.jpg,1
CW2019_2140_t019.jpg,1
CW2019_2140_t038.jpg,1
CW2019_2140_t041.jpg,1
CW2019_2140_t043.jpg,1
CW2019_2140_t046.jpg,1
CW2019_2140_t061.jpg,1
CW2019_2140_t063.jpg,1
CW2019_2140_t074.jpg,1
CW2019_2140_t076.jpg,1
CW2019_2140_t079.jpg,0
CW2019_2140_t084.jpg,1
CW2019_2140_t101.jpg,1
CW2019_2140_t106.jpg,1
CW2019_2140_t108.jpg,1
CW2019_2140_t116.jpg,1
CW2019_2140_t119.jpg,0
CW2019_2140_t123.jpg,1
CW2019_2140_t124.jpg,0
CW2019_2140_t128.jpg,1
CW2019_2140_t129.jpg,0
CW2019_2140_t139.jpg,1
CW2019_2140_t141.jpg,1
CW2019_2140_t148.jpg,1
CW2019_2142_t004.jpg,0
CW2019_2142_t011.jpg,1
CW2019_2142_t018.jpg,1
CW2019_2142_t026.jpg,1
CW2019_2142_t028.jpg,1
CW2019_2142_t029.jpg,1
CW2019_2142_t039.jpg,1
CW2019_2142_t041.jpg,1
CW2019_2142_t051.jpg,0
CW2019_2142_t059.jpg,1
CW2019_2142_t061.jpg,1
CW2019_2142_t066.jpg,0
CW2019_2142_t073.jpg,1
CW2019_2142_t081.jpg,1
CW2019_2142_t091.jpg,1
CW2019_2142_t093.jpg,1
CW2019_2142_t098.jpg,1
CW2019_2142_t099.jpg,1
CW2019_2142_t101.jpg,1
CW2019_2142_t103.jpg,1
CW2019_2142_t113.jpg,1
CW2019_2142_t133.jpg,1
CW2019_2142_t136.jpg,0
CW2019_2142_t149.jpg,1
CW2019_2142_t151.jpg,0
CW2019_2147_t014.jpg,0
CW2019_2147_t018.jpg,0
CW2019_2147_t019.jpg,0
CW2019_2147_t026.jpg,0
CW2019_2147_t029.jpg,0
CW2019_2147_t034.jpg,0
CW2019_2147_t036.jpg,0
CW2019_2147_t049.jpg,1
CW2019_2147_t056.jpg,1
CW2019_2147_t064.jpg,1
CW2019_2147_t073.jpg,1
CW2019_2147_t099.jpg,1
CW2019_2147_t106.jpg,1
CW2019_2147_t111.jpg,1
CW2019_2147_t116.jpg,1
CW2019_2147_t118.jpg,1
CW2019_2147_t119.jpg,0
CW2019_2147_t124.jpg,0
CW2019_2147_t128.jpg,1
CW2019_2147_t129.jpg,0
CW2019_2147_t131.jpg,1
CW2019_2147_t134.jpg,0
CW2019_2147_t139.jpg,1
CW2019_2147_t141.jpg,1
CW2019_2147_t143.jpg,0
CW2019_2157_t001.jpg,1
CW2019_2157_t011.jpg,1
CW2019_2157_t014.jpg,1
CW2019_2157_t038.jpg,1
CW2019_2157_t039.jpg,1
CW2019_2157_t049.jpg,1
CW2019_2157_t058.jpg,1
CW2019_2157_t061.jpg,1
CW2019_2157_t071.jpg,1
CW2019_2157_t076.jpg,1
CW2019_2157_t081.jpg,1
CW2019_2157_t086.jpg,1
CW2019_2157_t088.jpg,1
CW2019_2157_t091.jpg,1
CW2019_2157_t094.jpg,1
CW2019_2157_t098.jpg,1
CW2019_2157_t099.jpg,1
CW2019_2157_t101.jpg,1
CW2019_2157_t106.jpg,1
CW2019_2157_t109.jpg,1
CW2019_2157_t116.jpg,1
CW2019_2157_t138.jpg,0
CW2019_2157_t139.jpg,1
CW2019_2157_t144.jpg,0
CW2019_2157_t149.jpg,1
CW2019_2166_t011.jpg,1
CW2019_2166_t013.jpg,1
CW2019_2166_t014.jpg,1
CW2019_2166_t016.jpg,1
CW2019_2166_t018.jpg,1
CW2019_2166_t019.jpg,1
CW2019_2166_t028.jpg,1
CW2019_2166_t033.jpg,0
CW2019_2166_t043.jpg,1
CW2019_2166_t058.jpg,1
CW2019_2166_t064.jpg,1
CW2019_2166_t068.jpg,1
CW2019_2166_t071.jpg,1
CW2019_2166_t074.jpg,1
CW2019_2166_t079.jpg,0
CW2019_2166_t096.jpg,1
CW2019_2166_t098.jpg,0
CW2019_2166_t104.jpg,1
CW2019_2166_t106.jpg,1
CW2019_2166_t109.jpg,1
CW2019_2166_t113.jpg,0
CW2019_2166_t116.jpg,1
CW2019_2166_t124.jpg,0
CW2019_2166_t128.jpg,1
CW2019_2166_t149.jpg,1
CW2019_2167_t004.jpg,0
CW2019_2167_t008.jpg,0
CW2019_2167_t013.jpg,1
CW2019_2167_t014.jpg,1
CW2019_2167_t024.jpg,1
CW2019_2167_t029.jpg,1
CW2019_2167_t033.jpg,0
CW2019_2167_t046.jpg,1
CW2019_2167_t068.jpg,1
CW2019_2167_t073.jpg,1
CW2019_2167_t074.jpg,1
CW2019_2167_t079.jpg,0
CW2019_2167_t086.jpg,1
CW2019_2167_t098.jpg,0
CW2019_2167_t099.jpg,1
CW2019_2167_t109.jpg,1
CW2019_2167_t113.jpg,1
CW2019_2167_t116.jpg,1
CW2019_2167_t123.jpg,1
CW2019_2167_t124.jpg,1
CW2019_2167_t126.jpg,1
CW2019_2167_t131.jpg,1
CW2019_2167_t138.jpg,0
CW2019_2167_t139.jpg,1
CW2019_2167_t144.jpg,0
CW2019_2174_t004.jpg,0
CW2019_2174_t018.jpg,1
CW2019_2174_t019.jpg,1
CW2019_2174_t026.jpg,1
CW2019_2174_t033.jpg,0
CW2019_2174_t044.jpg,0
CW2019_2174_t048.jpg,0
CW2019_2174_t051.jpg,0
CW2019_2174_t059.jpg,1
CW2019_2174_t069.jpg,1
CW2019_2174_t076.jpg,1
CW2019_2174_t079.jpg,0
CW2019_2174_t083.jpg,1
CW2019_2174_t086.jpg,1
CW2019_2174_t089.jpg,1
CW2019_2174_t096.jpg,1
CW2019_2174_t098.jpg,1
CW2019_2174_t099.jpg,1
CW2019_2174_t111.jpg,1
CW2019_2174_t114.jpg,1
CW2019_2174_t124.jpg,0
CW2019_2174_t133.jpg,1
CW2019_2174_t136.jpg,0
CW2019_2174_t148.jpg,1
CW2019_2174_t149.jpg,1
CW2019_2178_t001.jpg,1
CW2019_2178_t026.jpg,1
CW2019_2178_t033.jpg,0
CW2019_2178_t036.jpg,0
CW2019_2178_t039.jpg,1
CW2019_2178_t048.jpg,0
CW2019_2178_t053.jpg,1
CW2019_2178_t059.jpg,1
CW2019_2178_t061.jpg,1
CW2019_2178_t064.jpg,1
CW2019_2178_t066.jpg,0
CW2019_2178_t081.jpg,1
CW2019_2178_t093.jpg,1
CW2019_2178_t098.jpg,0
CW2019_2178_t099.jpg,1
CW2019_2178_t101.jpg,1
CW2019_2178_t103.jpg,1
CW2019_2178_t106.jpg,1
CW2019_2178_t113.jpg,0
CW2019_2178_t116.jpg,1
CW2019_2178_t121.jpg,1
CW2019_2178_t123.jpg,1
CW2019_2178_t131.jpg,1
CW2019_2178_t141.jpg,1
CW2019_2178_t144.jpg,0
CW2019_2179_t011.jpg,1
CW2019_2179_t021.jpg,1
CW2019_2179_t026.jpg,1
CW2019_2179_t031.jpg,1
CW2019_2179_t034.jpg,1
CW2019_2179_t036.jpg,0
CW2019_2179_t043.jpg,1
CW2019_2179_t053.jpg,1
CW2019_2179_t063.jpg,1
CW2019_2179_t068.jpg,1
CW2019_2179_t071.jpg,1
CW2019_2179_t088.jpg,1
CW2019_2179_t101.jpg,1
CW2019_2179_t106.jpg,1
CW2019_2179_t108.jpg,1
CW2019_2179_t113.jpg,0
CW2019_2179_t116.jpg,1
CW2019_2179_t118.jpg,1
CW2019_2179_t123.jpg,1
CW2019_2179_t128.jpg,1
CW2019_2179_t129.jpg,0
CW2019_2179_t134.jpg,0
CW2019_2179_t146.jpg,1
CW2019_2179_t148.jpg,1
CW2019_2179_t149.jpg,1
CW2019_2180_t009.jpg,1
CW2019_2180_t024.jpg,1
CW2019_2180_t041.jpg,1
CW2019_2180_t043.jpg,1
CW2019_2180_t046.jpg,1
CW2019_2180_t048.jpg,0
CW2019_2180_t056.jpg,1
CW2019_2180_t058.jpg,0
CW2019_2180_t061.jpg,1
CW2019_2180_t063.jpg,1
CW2019_2180_t068.jpg,1
CW2019_2180_t076.jpg,1
CW2019_2180_t078.jpg,0
CW2019_2180_t094.jpg,1
CW2019_2180_t101.jpg,1
CW2019_2180_t103.jpg,1
CW2019_2180_t104.jpg,1
CW2019_2180_t108.jpg,1
CW2019_2180_t109.jpg,1
CW2019_2180_t123.jpg,1
CW2019_2180_t124.jpg,0
CW2019_2180_t128.jpg,1
CW2019_2180_t129.jpg,0
CW2019_2180_t148.jpg,1
CW2019_2180_t149.jpg,1
CW2019_2182_t001.jpg,1
CW2019_2182_t008.jpg,1
CW2019_2182_t014.jpg,1
CW2019_2182_t016.jpg,1
CW2019_2182_t018.jpg,1
CW2019_2182_t026.jpg,1
CW2019_2182_t028.jpg,1
CW2019_2182_t031.jpg,1
CW2019_2182_t046.jpg,1
CW2019_2182_t048.jpg,0
CW2019_2182_t051.jpg,0
CW2019_2182_t059.jpg,1
CW2019_2182_t061.jpg,1
CW2019_2182_t063.jpg,1
CW2019_2182_t069.jpg,1
CW2019_2182_t073.jpg,1
CW2019_2182_t079.jpg,0
CW2019_2182_t088.jpg,1
CW2019_2182_t096.jpg,1
CW2019_2182_t098.jpg,0
CW2019_2182_t116.jpg,1
CW2019_2182_t133.jpg,1
CW2019_2182_t134.jpg,0
CW2019_2182_t139.jpg,1
CW2019_2182_t143.jpg,0
CW2019_2187_t003.jpg,1
CW2019_2187_t009.jpg,1
CW2019_2187_t024.jpg,1
CW2019_2187_t026.jpg,1
CW2019_2187_t029.jpg,1
CW2019_2187_t038.jpg,1
CW2019_2187_t048.jpg,0
CW2019_2187_t053.jpg,1
CW2019_2187_t058.jpg,1
CW2019_2187_t059.jpg,1
CW2019_2187_t061.jpg,1
CW2019_2187_t066.jpg,0
CW2019_2187_t091.jpg,1
CW2019_2187_t094.jpg,1
CW2019_2187_t098.jpg,0
CW2019_2187_t104.jpg,1
CW2019_2187_t111.jpg,1
CW2019_2187_t113.jpg,0
CW2019_2187_t116.jpg,1
CW2019_2187_t118.jpg,1
CW2019_2187_t123.jpg,1
CW2019_2187_t129.jpg,0
CW2019_2187_t136.jpg,0
CW2019_2187_t143.jpg,0
CW2019_2187_t144.jpg,0
CW2019_2189_t001.jpg,1
CW2019_2189_t003.jpg,1
CW2019_2189_t019.jpg,1
CW2019_2189_t024.jpg,1
CW2019_2189_t028.jpg,1
CW2019_2189_t033.jpg,0
CW2019_2189_t036.jpg,0
CW2019_2189_t046.jpg,1
CW2019_2189_t054.jpg,1
CW2019_2189_t061.jpg,1
CW2019_2189_t068.jpg,1
CW2019_2189_t071.jpg,1
CW2019_2189_t081.jpg,1
CW2019_2189_t104.jpg,1
CW2019_2189_t109.jpg,1
CW2019_2189_t111.jpg,1
CW2019_2189_t114.jpg,1
CW2019_2189_t118.jpg,1
CW2019_2189_t119.jpg,0
CW2019_2189_t121.jpg,1
CW2019_2189_t124.jpg,0
CW2019_2189_t128.jpg,1
CW2019_2189_t131.jpg,1
CW2019_2189_t139.jpg,1
CW2019_2189_t149.jpg,1
CW2019_2195_t001.jpg,1
CW2019_2195_t003.jpg,1
CW2019_2195_t011.jpg,1
CW2019_2195_t013.jpg,1
CW2019_2195_t016.jpg,1
CW2019_2195_t018.jpg,1
CW2019_2195_t023.jpg,1
CW2019_2195_t024.jpg,1
CW2019_2195_t026.jpg,1
CW2019_2195_t039.jpg,0
CW2019_2195_t041.jpg,1
CW2019_2195_t053.jpg,1
CW2019_2195_t056.jpg,1
CW2019_2195_t064.jpg,1
CW2019_2195_t068.jpg,1
CW2019_2195_t074.jpg,1
CW2019_2195_t078.jpg,0
CW2019_2195_t079.jpg,0
CW2019_2195_t083.jpg,1
CW2019_2195_t099.jpg,1
CW2019_2195_t119.jpg,0
CW2019_2195_t134.jpg,0
CW2019_2195_t136.jpg,0
CW2019_2195_t141.jpg,1
CW2019_2195_t149.jpg,1
CW2019_2201_t003.jpg,1
CW2019_2201_t008.jpg,0
CW2019_2201_t011.jpg,1
CW2019_2201_t013.jpg,1
CW2019_2201_t016.jpg,1
CW2019_2201_t018.jpg,1
CW2019_2201_t029.jpg,1
CW2019_2201_t046.jpg,1
CW2019_2201_t048.jpg,0
CW2019_2201_t059.jpg,1
CW2019_2201_t066.jpg,0
CW2019_2201_t068.jpg,1
CW2019_2201_t081.jpg,1
CW2019_2201_t084.jpg,1
CW2019_2201_t093.jpg,1
CW2019_2201_t099.jpg,1
CW2019_2201_t108.jpg,1
CW2019_2201_t113.jpg,0
CW2019_2201_t116.jpg,1
CW2019_2201_t124.jpg,0
CW2019_2201_t138.jpg,0
CW2019_2201_t139.jpg,1
CW2019_2201_t148.jpg,1
CW2019_2201_t149.jpg,1
CW2019_2201_t151.jpg,0
CW2019_2210_t004.jpg,0
CW2019_2210_t009.jpg,0
CW2019_2210_t016.jpg,1
CW2019_2210_t019.jpg,1
CW2019_2210_t024.jpg,1
CW2019_2210_t026.jpg,1
CW2019_2210_t036.jpg,0
CW2019_2210_t038.jpg,1
CW2019_2210_t039.jpg,1
CW2019_2210_t048.jpg,1
CW2019_2210_t069.jpg,1
CW2019_2210_t078.jpg,1
CW2019_2210_t079.jpg,0
CW2019_2210_t088.jpg,1
CW2019_2210_t091.jpg,1
CW2019_2210_t094.jpg,1
CW2019_2210_t101.jpg,1
CW2019_2210_t103.jpg,1
CW2019_2210_t108.jpg,1
CW2019_2210_t111.jpg,1
CW2019_2210_t113.jpg,1
CW2019_2210_t126.jpg,0
CW2019_2210_t128.jpg,1
CW2019_2210_t131.jpg,1
CW2019_2210_t139.jpg,1
CW2019_2216_t001.jpg,1
CW2019_2216_t002.jpg,1
CW2019_2216_t003.jpg,1
CW2019_2216_t008.jpg,1
CW2019_2216_t011.jpg,1
CW2019_2216_t013.jpg,1
CW2019_2216_t017.jpg,1
CW2019_2216_t022.jpg,1
CW2019_2216_t026.jpg,1
CW2019_2216_t038.jpg,1
CW2019_2216_t041.jpg,1
CW2019_2216_t068.jpg,1
CW2019_2216_t076.jpg,1
CW2019_2216_t093.jpg,1
CW2019_2216_t094.jpg,1
CW2019_2216_t096.jpg,1
CW2019_2216_t104.jpg,1
CW2019_2216_t112.jpg,1
CW2019_2216_t122.jpg,0
CW2019_2216_t127.jpg,1
CW2019_2216_t131.jpg,1
CW2019_2216_t134.jpg,0
CW2019_2216_t136.jpg,0
CW2019_2216_t144.jpg,0
CW2019_2216_t146.jpg,0
CW2019_2220_t003.jpg,1
CW2019_2220_t016.jpg,1
CW2019_2220_t019.jpg,1
CW2019_2220_t021.jpg,1
CW2019_2220_t023.jpg,1
CW2019_2220_t028.jpg,1
CW2019_2220_t029.jpg,1
CW2019_2220_t036.jpg,0
CW2019_2220_t038.jpg,1
CW2019_2220_t043.jpg,1
CW2019_2220_t053.jpg,0
CW2019_2220_t054.jpg,1
CW2019_2220_t063.jpg,1
CW2019_2220_t066.jpg,0
CW2019_2220_t069.jpg,1
CW2019_2220_t084.jpg,1
CW2019_2220_t096.jpg,1
CW2019_2220_t098.jpg,0
CW2019_2220_t103.jpg,1
CW2019_2220_t106.jpg,1
CW2019_2220_t114.jpg,1
CW2019_2220_t116.jpg,1
CW2019_2220_t121.jpg,1
CW2019_2220_t126.jpg,1
CW2019_2220_t131.jpg,1
CW2019_2222_t001.jpg,1
CW2019_2222_t003.jpg,1
CW2019_2222_t008.jpg,1
CW2019_2222_t033.jpg,0
CW2019_2222_t036.jpg,0
CW2019_2222_t038.jpg,1
CW2019_2222_t039.jpg,0
CW2019_2222_t053.jpg,1
CW2019_2222_t059.jpg,1
CW2019_2222_t064.jpg,1
CW2019_2222_t071.jpg,1
CW2019_2222_t074.jpg,1
CW2019_2222_t076.jpg,1
CW2019_2222_t078.jpg,0
CW2019_2222_t083.jpg,1
CW2019_2222_t086.jpg,1
CW2019_2222_t088.jpg,1
CW2019_2222_t089.jpg,1
CW2019_2222_t094.jpg,1
CW2019_2222_t101.jpg,1
CW2019_2222_t106.jpg,1
CW2019_2222_t114.jpg,1
CW2019_2222_t138.jpg,0
CW2019_2222_t139.jpg,1
CW2019_2222_t144.jpg,0
CW2019_2223_t023.jpg,0
CW2019_2223_t024.jpg,0
CW2019_2223_t026.jpg,0
CW2019_2223_t028.jpg,1
CW2019_2223_t034.jpg,0
CW2019_2223_t036.jpg,0
CW2019_2223_t044.jpg,0
CW2019_2223_t051.jpg,0
CW2019_2223_t054.jpg,0
CW2019_2223_t058.jpg,1
CW2019_2223_t059.jpg,1
CW2019_2223_t066.jpg,0
CW2019_2223_t071.jpg,1
CW2019_2223_t086.jpg,1
CW2019_2223_t088.jpg,1
CW2019_2223_t094.jpg,1
CW2019_2223_t096.jpg,1
CW2019_2223_t098.jpg,1
CW2019_2223_t101.jpg,1
CW2019_2223_t109.jpg,1
CW2019_2223_t123.jpg,1
CW2019_2223_t131.jpg,1
CW2019_2223_t139.jpg,1
CW2019_2223_t141.jpg,1
CW2019_2223_t146.jpg,1
CW2019_2225_t012.jpg,1
CW2019_2225_t024.jpg,1
CW2019_2225_t029.jpg,1
CW2019_2225_t031.jpg,1
CW2019_2225_t043.jpg,1
CW2019_2225_t053.jpg,1
CW2019_2225_t058.jpg,1
CW2019_2225_t061.jpg,0
CW2019_2225_t062.jpg,1
CW2019_2225_t067.jpg,1
CW2019_2225_t068.jpg,1
CW2019_2225_t082.jpg,1
CW2019_2225_t084.jpg,1
CW2019_2225_t089.jpg,1
CW2019_2225_t099.jpg,1
CW2019_2225_t103.jpg,1
CW2019_2225_t106.jpg,1
CW2019_2225_t119.jpg,0
CW2019_2225_t121.jpg,1
CW2019_2225_t122.jpg,1
CW2019_2225_t126.jpg,1
CW2019_2225_t129.jpg,0
CW2019_2225_t132.jpg,0
CW2019_2225_t133.jpg,1
CW2019_2225_t147.jpg,0
CW2019_2228_t001.jpg,1
CW2019_2228_t003.jpg,1
CW2019_2228_t004.jpg,1
CW2019_2228_t013.jpg,0
CW2019_2228_t023.jpg,1
CW2019_2228_t034.jpg,0
CW2019_2228_t038.jpg,1
CW2019_2228_t039.jpg,1
CW2019_2228_t044.jpg,0
CW2019_2228_t049.jpg,1
CW2019_2228_t053.jpg,0
CW2019_2228_t056.jpg,1
CW2019_2228_t061.jpg,1
CW2019_2228_t064.jpg,1
CW2019_2228_t079.jpg,0
CW2019_2228_t084.jpg,1
CW2019_2228_t089.jpg,1
CW2019_2228_t091.jpg,1
CW2019_2228_t093.jpg,1
CW2019_2228_t104.jpg,1
CW2019_2228_t109.jpg,1
CW2019_2228_t113.jpg,1
CW2019_2228_t116.jpg,1
CW2019_2228_t144.jpg,1
CW2019_2228_t148.jpg,0
CW2019_2238_t003.jpg,1
CW2019_2238_t024.jpg,1
CW2019_2238_t029.jpg,1
CW2019_2238_t036.jpg,0
CW2019_2238_t051.jpg,0
CW2019_2238_t054.jpg,1
CW2019_2238_t061.jpg,1
CW2019_2238_t062.jpg,1
CW2019_2238_t067.jpg,1
CW2019_2238_t068.jpg,1
CW2019_2238_t077.jpg,0
CW2019_2238_t084.jpg,1
CW2019_2238_t093.jpg,1
CW2019_2238_t104.jpg,1
CW2019_2238_t107.jpg,0
CW2019_2238_t108.jpg,1
CW2019_2238_t109.jpg,1
CW2019_2238_t117.jpg,1
CW2019_2238_t123.jpg,1
CW2019_2238_t124.jpg,0
CW2019_2238_t126.jpg,0
CW2019_2238_t139.jpg,1
CW2019_2238_t141.jpg,1
CW2019_2238_t146.jpg,1
CW2019_2238_t152.jpg,1
CW2019_2242_t008.jpg,0
CW2019_2242_t014.jpg,1
CW2019_2242_t019.jpg,1
CW2019_2242_t024.jpg,1
CW2019_2242_t028.jpg,1
CW2019_2242_t036.jpg,0
CW2019_2242_t049.jpg,1
CW2019_2242_t053.jpg,1
CW2019_2242_t059.jpg,1
CW2019_2242_t074.jpg,1
CW2019_2242_t078.jpg,0
CW2019_2242_t081.jpg,1
CW2019_2242_t082.jpg,1
CW2019_2242_t093.jpg,1
CW2019_2242_t103.jpg,1
CW2019_2242_t106.jpg,0
CW2019_2242_t114.jpg,1
CW2019_2242_t116.jpg,1
CW2019_2242_t123.jpg,1
CW2019_2242_t132.jpg,0
CW2019_2242_t134.jpg,0
CW2019_2242_t136.jpg,0
CW2019_2242_t141.jpg,1
CW2019_2242_t143.jpg,0
CW2019_2242_t151.jpg,0
CW2019_2245_t002.jpg,1
CW2019_2245_t007.jpg,1
CW2019_2245_t011.jpg,1
CW2019_2245_t026.jpg,1
CW2019_2245_t027.jpg,1
CW2019_2245_t028.jpg,1
CW2019_2245_t034.jpg,1
CW2019_2245_t036.jpg,0
CW2019_2245_t037.jpg,1
CW2019_2245_t051.jpg,0
CW2019_2245_t063.jpg,1
CW2019_2245_t068.jpg,1
CW2019_2245_t073.jpg,1
CW2019_2245_t088.jpg,1
CW2019_2245_t091.jpg,1
CW2019_2245_t092.jpg,1
CW2019_2245_t112.jpg,1
CW2019_2245_t117.jpg,1
CW2019_2245_t118.jpg,1
CW2019_2245_t131.jpg,1
CW2019_2245_t133.jpg,1
CW2019_2245_t136.jpg,0
CW2019_2245_t138.jpg,0
CW2019_2245_t141.jpg,1
CW2019_2245_t149.jpg,1
CW2019_2257_t001.jpg,1
CW2019_2257_t008.jpg,0
CW2019_2257_t027.jpg,1
CW2019_2257_t029.jpg,1
CW2019_2257_t039.jpg,1
CW2019_2257_t041.jpg,1
CW2019_2257_t058.jpg,1
CW2019_2257_t072.jpg,1
CW2019_2257_t077.jpg,0
CW2019_2257_t078.jpg,1
CW2019_2257_t081.jpg,1
CW2019_2257_t082.jpg,1
CW2019_2257_t084.jpg,1
CW2019_2257_t094.jpg,1
CW2019_2257_t098.jpg,1
CW2019_2257_t107.jpg,0
CW2019_2257_t108.jpg,1
CW2019_2257_t112.jpg,1
CW2019_2257_t118.jpg,1
CW2019_2257_t121.jpg,1
CW2019_2257_t124.jpg,0
CW2019_2257_t136.jpg,1
CW2019_2257_t143.jpg,0
CW2019_2257_t146.jpg,1
CW2019_2257_t148.jpg,1
CW2019_2259_t004.jpg,0
CW2019_2259_t009.jpg,1
CW2019_2259_t011.jpg,1
CW2019_2259_t019.jpg,1
CW2019_2259_t022.jpg,1
CW2019_2259_t042.jpg,1
CW2019_2259_t043.jpg,0
CW2019_2259_t066.jpg,1
CW2019_2259_t069.jpg,1
CW2019_2259_t071.jpg,1
CW2019_2259_t072.jpg,1
CW2019_2259_t074.jpg,1
CW2019_2259_t086.jpg,1
CW2019_2259_t089.jpg,1
CW2019_2259_t091.jpg,1
CW2019_2259_t094.jpg,1
CW2019_2259_t099.jpg,1
CW2019_2259_t102.jpg,1
CW2019_2259_t104.jpg,1
CW2019_2259_t111.jpg,1
CW2019_2259_t112.jpg,0
CW2019_2259_t129.jpg,0
CW2019_2259_t132.jpg,0
CW2019_2259_t142.jpg,1
CW2019_2259_t146.jpg,0
CW2019_2260_t004.jpg,0
CW2019_2260_t011.jpg,1
CW2019_2260_t012.jpg,1
CW2019_2260_t013.jpg,1
CW2019_2260_t019.jpg,1
CW2019_2260_t022.jpg,1
CW2019_2260_t036.jpg,0
CW2019_2260_t039.jpg,0
CW2019_2260_t049.jpg,1
CW2019_2260_t057.jpg,0
CW2019_2260_t059.jpg,1
CW2019_2260_t061.jpg,1
CW2019_2260_t088.jpg,1
CW2019_2260_t096.jpg,1
CW2019_2260_t097.jpg,1
CW2019_2260_t098.jpg,1
CW2019_2260_t101.jpg,1
CW2019_2260_t103.jpg,1
CW2019_2260_t108.jpg,0
CW2019_2260_t109.jpg,1
CW2019_2260_t112.jpg,1
CW2019_2260_t126.jpg,0
CW2019_2260_t139.jpg,1
CW2019_2260_t144.jpg,0
CW2019_2260_t152.jpg,1
CW2019_2262_t002.jpg,1
CW2019_2262_t003.jpg,1
CW2019_2262_t007.jpg,1
CW2019_2262_t014.jpg,1
CW2019_2262_t017.jpg,1
CW2019_2262_t023.jpg,1
CW2019_2262_t028.jpg,1
CW2019_2262_t037.jpg,1
CW2019_2262_t049.jpg,1
CW2019_2262_t058.jpg,1
CW2019_2262_t069.jpg,1
CW2019_2262_t073.jpg,1
CW2019_2262_t076.jpg,1
CW2019_2262_t087.jpg,1
CW2019_2262_t089.jpg,1
CW2019_2262_t093.jpg,1
CW2019_2262_t099.jpg,1
CW2019_2262_t102.jpg,1
CW2019_2262_t111.jpg,1
CW2019_2262_t114.jpg,1
CW2019_2262_t117.jpg,1
CW2019_2262_t124.jpg,0
CW2019_2262_t132.jpg,0
CW2019_2262_t142.jpg,1
CW2019_2262_t148.jpg,1
CW2019_2263_t002.jpg,1
CW2019_2263_t003.jpg,1
CW2019_2263_t007.jpg,1
CW2019_2263_t021.jpg,1
CW2019_2263_t022.jpg,1
CW2019_2263_t023.jpg,1
CW2019_2263_t024.jpg,1
CW2019_2263_t028.jpg,1
CW2019_2263_t033.jpg,0
CW2019_2263_t034.jpg,1
CW2019_2263_t039.jpg,0
CW2019_2263_t041.jpg,1
CW2019_2263_t047.jpg,1
CW2019_2263_t049.jpg,1
CW2019_2263_t066.jpg,0
CW2019_2263_t072.jpg,1
CW2019_2263_t079.jpg,0
CW2019_2263_t087.jpg,1
CW2019_2263_t089.jpg,1
CW2019_2263_t107.jpg,0
CW2019_2263_t116.jpg,1
CW2019_2263_t124.jpg,0
CW2019_2263_t126.jpg,0
CW2019_2263_t132.jpg,0
CW2019_2263_t151.jpg,1
CW2019_2270_t002.jpg,1
CW2019_2270_t011.jpg,1
CW2019_2270_t013.jpg,0
CW2019_2270_t016.jpg,1
CW2019_2270_t018.jpg,1
CW2019_2270_t023.jpg,1
CW2019_2270_t026.jpg,1
CW2019_2270_t029.jpg,1
CW2019_2270_t044.jpg,0
CW2019_2270_t046.jpg,1
CW2019_2270_t048.jpg,0
CW2019_2270_t056.jpg,0
CW2019_2270_t062.jpg,1
CW2019_2270_t067.jpg,1
CW2019_2270_t076.jpg,1
CW2019_2270_t078.jpg,1
CW2019_2270_t096.jpg,1
CW2019_2270_t101.jpg,1
CW2019_2270_t103.jpg,1
CW2019_2270_t109.jpg,1
CW2019_2270_t126.jpg,0
CW2019_2270_t136.jpg,0
CW2019_2270_t144.jpg,1
CW2019_2270_t149.jpg,1
CW2019_2270_t151.jpg,1
CW2019_2271_t003.jpg,1
CW2019_2271_t012.jpg,1
CW2019_2271_t016.jpg,0
CW2019_2271_t018.jpg,1
CW2019_2271_t024.jpg,1
CW2019_2271_t026.jpg,1
CW2019_2271_t029.jpg,1
CW2019_2271_t031.jpg,1
CW2019_2271_t038.jpg,1
CW2019_2271_t053.jpg,1
CW2019_2271_t056.jpg,1
CW2019_2271_t063.jpg,1
CW2019_2271_t068.jpg,1
CW2019_2271_t069.jpg,1
CW2019_2271_t076.jpg,1
CW2019_2271_t082.jpg,1
CW2019_2271_t091.jpg,1
CW2019_2271_t093.jpg,1
CW2019_2271_t094.jpg,1
CW2019_2271_t104.jpg,1
CW2019_2271_t112.jpg,1
CW2019_2271_t113.jpg,1
CW2019_2271_t119.jpg,0
CW2019_2271_t123.jpg,1
CW2019_2271_t147.jpg,1
CW2019_2278_t007.jpg,1
CW2019_2278_t016.jpg,0
CW2019_2278_t017.jpg,1
CW2019_2278_t036.jpg,0
CW2019_2278_t039.jpg,0
CW2019_2278_t043.jpg,1
CW2019_2278_t047.jpg,1
CW2019_2278_t051.jpg,0
CW2019_2278_t062.jpg,1
CW2019_2278_t071.jpg,1
CW2019_2278_t083.jpg,1
CW2019_2278_t086.jpg,1
CW2019_2278_t088.jpg,1
CW2019_2278_t094.jpg,1
CW2019_2278_t096.jpg,1
CW2019_2278_t108.jpg,1
CW2019_2278_t113.jpg,1
CW2019_2278_t114.jpg,1
CW2019_2278_t121.jpg,1
CW2019_2278_t123.jpg,1
CW2019_2278_t129.jpg,0
CW2019_2278_t132.jpg,0
CW2019_2278_t133.jpg,1
CW2019_2278_t144.jpg,0
CW2019_2278_t149.jpg,1
CW2019_2282_t001.jpg,1
CW2019_2282_t007.jpg,1
CW2019_2282_t008.jpg,1
CW2019_2282_t013.jpg,1
CW2019_2282_t023.jpg,1
CW2019_2282_t027.jpg,1
CW2019_2282_t029.jpg,1
CW2019_2282_t036.jpg,0
CW2019_2282_t037.jpg,1
CW2019_2282_t043.jpg,1
CW2019_2282_t046.jpg,1
CW2019_2282_t049.jpg,1
CW2019_2282_t059.jpg,1
CW2019_2282_t062.jpg,1
CW2019_2282_t063.jpg,1
CW2019_2282_t069.jpg,1
CW2019_2282_t079.jpg,0
CW2019_2282_t082.jpg,1
CW2019_2282_t086.jpg,1
CW2019_2282_t118.jpg,1
CW2019_2282_t126.jpg,0
CW2019_2282_t133.jpg,1
CW2019_2282_t148.jpg,1
CW2019_2282_t151.jpg,1
CW2019_2282_t152.jpg,1
CW2019_2283_t002.jpg,1
CW2019_2283_t012.jpg,1
CW2019_2283_t033.jpg,0
CW2019_2283_t034.jpg,1
CW2019_2283_t038.jpg,1
CW2019_2283_t041.jpg,1
CW2019_2283_t056.jpg,0
CW2019_2283_t058.jpg,1
CW2019_2283_t059.jpg,1
CW2019_2283_t061.jpg,1
CW2019_2283_t062.jpg,1
CW2019_2283_t067.jpg,1
CW2019_2283_t079.jpg,0
CW2019_2283_t081.jpg,1
CW2019_2283_t082.jpg,1
CW2019_2283_t084.jpg,1
CW2019_2283_t087.jpg,1
CW2019_2283_t092.jpg,1
CW2019_2283_t098.jpg,1
CW2019_2283_t108.jpg,0
CW2019_2283_t117.jpg,1
CW2019_2283_t118.jpg,1
CW2019_2283_t122.jpg,0
CW2019_2283_t142.jpg,0
CW2019_2283_t146.jpg,1
CW2019_2286_t007.jpg,1
CW2019_2286_t008.jpg,1
CW2019_2286_t022.jpg,1
CW2019_2286_t028.jpg,1
CW2019_2286_t031.jpg,1
CW2019_2286_t039.jpg,1
CW2019_2286_t043.jpg,0
CW2019_2286_t054.jpg,1
CW2019_2286_t067.jpg,1
CW2019_2286_t068.jpg,1
CW2019_2286_t073.jpg,1
CW2019_2286_t081.jpg,1
CW2019_2286_t089.jpg,1
CW2019_2286_t092.jpg,1
CW2019_2286_t093.jpg,1
CW2019_2286_t099.jpg,1
CW2019_2286_t114.jpg,1
CW2019_2286_t123.jpg,1
CW2019_2286_t124.jpg,0
CW2019_2286_t133.jpg,1
CW2019_2286_t134.jpg,1
CW2019_2286_t144.jpg,1
CW2019_2286_t149.jpg,1
CW2019_2286_t151.jpg,1
CW2019_2286_t152.jpg,1
CW2019_2288_t014.jpg,1
CW2019_2288_t019.jpg,1
CW2019_2288_t023.jpg,1
CW2019_2288_t027.jpg,1
CW2019_2288_t031.jpg,1
CW2019_2288_t033.jpg,0
CW2019_2288_t037.jpg,1
CW2019_2288_t046.jpg,1
CW2019_2288_t047.jpg,1
CW2019_2288_t053.jpg,1
CW2019_2288_t064.jpg,1
CW2019_2288_t071.jpg,1
CW2019_2288_t074.jpg,1
CW2019_2288_t079.jpg,0
CW2019_2288_t086.jpg,1
CW2019_2288_t089.jpg,1
CW2019_2288_t103.jpg,1
CW2019_2288_t109.jpg,1
CW2019_2288_t113.jpg,1
CW2019_2288_t117.jpg,1
CW2019_2288_t126.jpg,0
CW2019_2288_t132.jpg,0
CW2019_2288_t133.jpg,1
CW2019_2288_t134.jpg,1
CW2019_2288_t142.jpg,0
CW2019_2292_t013.jpg,0
CW2019_2292_t022.jpg,1
CW2019_2292_t026.jpg,0
CW2019_2292_t039.jpg,0
CW2019_2292_t044.jpg,1
CW2019_2292_t059.jpg,1
CW2019_2292_t061.jpg,1
CW2019_2292_t062.jpg,1
CW2019_2292_t066.jpg,0
CW2019_2292_t077.jpg,0
CW2019_2292_t078.jpg,0
CW2019_2292_t082.jpg,1
CW2019_2292_t086.jpg,1
CW2019_2292_t091.jpg,1
CW2019_2292_t094.jpg,1
CW2019_2292_t096.jpg,1
CW2019_2292_t097.jpg,1
CW2019_2292_t108.jpg,1
CW2019_2292_t118.jpg,1
CW2019_2292_t119.jpg,0
CW2019_2292_t121.jpg,1
CW2019_2292_t139.jpg,1
CW2019_2292_t147.jpg,0
CW2019_2292_t148.jpg,1
CW2019_2292_t151.jpg,1
CW2019_2297_t001.jpg,0
CW2019_2297_t011.jpg,1
CW2019_2297_t014.jpg,1
CW2019_2297_t028.jpg,1
CW2019_2297_t032.jpg,0
CW2019_2297_t034.jpg,1
CW2019_2297_t038.jpg,1
CW2019_2297_t039.jpg,0
CW2019_2297_t042.jpg,1
CW2019_2297_t046.jpg,1
CW2019_2297_t062.jpg,1
CW2019_2297_t063.jpg,1
CW2019_2297_t071.jpg,1
CW2019_2297_t076.jpg,1
CW2019_2297_t086.jpg,1
CW2019_2297_t093.jpg,1
CW2019_2297_t098.jpg,0
CW2019_2297_t114.jpg,1
CW2019_2297_t117.jpg,1
CW2019_2297_t121.jpg,1
CW2019_2297_t126.jpg,0
CW2019_2297_t127.jpg,0
CW2019_2297_t128.jpg,1
CW2019_2297_t138.jpg,0
CW2019_2297_t151.jpg,0
CW2019_2301_t009.jpg,1
CW2019_2301_t013.jpg,0
CW2019_2301_t018.jpg,1
CW2019_2301_t033.jpg,0
CW2019_2301_t041.jpg,1
CW2019_2301_t042.jpg,1
CW2019_2301_t058.jpg,1
CW2019_2301_t063.jpg,0
CW2019_2301_t066.jpg,0
CW2019_2301_t072.jpg,1
CW2019_2301_t077.jpg,0
CW2019_2301_t079.jpg,0
CW2019_2301_t081.jpg,1
CW2019_2301_t089.jpg,1
CW2019_2301_t098.jpg,1
CW2019_2301_t104.jpg,1
CW2019_2301_t108.jpg,1
CW2019_2301_t111.jpg,1
CW2019_2301_t116.jpg,1
CW2019_2301_t118.jpg,1
CW2019_2301_t124.jpg,0
CW2019_2301_t126.jpg,0
CW2019_2301_t138.jpg,0
CW2019_2301_t139.jpg,1
CW2019_2301_t144.jpg,1
CW2019_2305_t001.jpg,1
CW2019_2305_t012.jpg,1
CW2019_2305_t014.jpg,1
CW2019_2305_t018.jpg,1
CW2019_2305_t023.jpg,1
CW2019_2305_t024.jpg,1
CW2019_2305_t031.jpg,1
CW2019_2305_t038.jpg,1
CW2019_2305_t046.jpg,1
CW2019_2305_t059.jpg,1
CW2019_2305_t074.jpg,1
CW2019_2305_t082.jpg,1
CW2019_2305_t086.jpg,1
CW2019_2305_t092.jpg,1
CW2019_2305_t102.jpg,1
CW2019_2305_t106.jpg,1
CW2019_2305_t108.jpg,0
CW2019_2305_t114.jpg,1
CW2019_2305_t118.jpg,1
CW2019_2305_t121.jpg,1
CW2019_2305_t124.jpg,0
CW2019_2305_t128.jpg,1
CW2019_2305_t147.jpg,0
CW2019_2305_t149.jpg,1
CW2019_2305_t151.jpg,0
CW2019_2310_t007.jpg,1
CW2019_2310_t012.jpg,1
CW2019_2310_t016.jpg,1
CW2019_2310_t018.jpg,1
CW2019_2310_t032.jpg,0
CW2019_2310_t034.jpg,0
CW2019_2310_t036.jpg,0
CW2019_2310_t038.jpg,1
CW2019_2310_t043.jpg,1
CW2019_2310_t046.jpg,1
CW2019_2310_t056.jpg,0
CW2019_2310_t068.jpg,1
CW2019_2310_t069.jpg,1
CW2019_2310_t071.jpg,1
CW2019_2310_t072.jpg,1
CW2019_2310_t088.jpg,1
CW2019_2310_t094.jpg,1
CW2019_2310_t104.jpg,1
CW2019_2310_t106.jpg,1
CW2019_2310_t107.jpg,0
CW2019_2310_t109.jpg,1
CW2019_2310_t119.jpg,1
CW2019_2310_t121.jpg,1
CW2019_2310_t138.jpg,0
CW2019_2310_t149.jpg,1
CW2019_2311_t002.jpg,1
CW2019_2311_t003.jpg,1
CW2019_2311_t004.jpg,1
CW2019_2311_t007.jpg,1
CW2019_2311_t011.jpg,1
CW2019_2311_t018.jpg,1
CW2019_2311_t042.jpg,1
CW2019_2311_t046.jpg,1
CW2019_2311_t056.jpg,0
CW2019_2311_t058.jpg,1
CW2019_2311_t066.jpg,0
CW2019_2311_t078.jpg,0
CW2019_2311_t081.jpg,1
CW2019_2311_t082.jpg,1
CW2019_2311_t088.jpg,1
CW2019_2311_t103.jpg,1
CW2019_2311_t107.jpg,0
CW2019_2311_t108.jpg,1
CW2019_2311_t114.jpg,1
CW2019_2311_t116.jpg,1
CW2019_2311_t124.jpg,0
CW2019_2311_t127.jpg,1
CW2019_2311_t138.jpg,0
CW2019_2311_t143.jpg,0
CW2019_2311_t148.jpg,1
CW2019_2315_t002.jpg,1
CW2019_2315_t016.jpg,0
CW2019_2315_t021.jpg,1
CW2019_2315_t028.jpg,1
CW2019_2315_t033.jpg,0
CW2019_2315_t034.jpg,1
CW2019_2315_t039.jpg,0
CW2019_2315_t041.jpg,1
CW2019_2315_t043.jpg,1
CW2019_2315_t048.jpg,0
CW2019_2315_t053.jpg,1
CW2019_2315_t057.jpg,0
CW2019_2315_t062.jpg,1
CW2019_2315_t076.jpg,1
CW2019_2315_t079.jpg,0
CW2019_2315_t087.jpg,1
CW2019_2315_t097.jpg,1
CW2019_2315_t098.jpg,0
CW2019_2315_t107.jpg,0
CW2019_2315_t112.jpg,1
CW2019_2315_t133.jpg,1
CW2019_2315_t134.jpg,1
CW2019_2315_t143.jpg,0
CW2019_2315_t144.jpg,0
CW2019_2315_t146.jpg,0
CW2019_2318_t001.jpg,1
CW2019_2318_t002.jpg,1
CW2019_2318_t012.jpg,1
CW2019_2318_t013.jpg,1
CW2019_2318_t032.jpg,0
CW2019_2318_t039.jpg,0
CW2019_2318_t041.jpg,1
CW2019_2318_t043.jpg,1
CW2019_2318_t064.jpg,1
CW2019_2318_t079.jpg,0
CW2019_2318_t084.jpg,1
CW2019_2318_t089.jpg,1
CW2019_2318_t098.jpg,1
CW2019_2318_t101.jpg,1
CW2019_2318_t113.jpg,1
CW2019_2318_t116.jpg,1
CW2019_2318_t123.jpg,1
CW2019_2318_t124.jpg,0
CW2019_2318_t126.jpg,0
CW2019_2318_t129.jpg,1
CW2019_2318_t136.jpg,1
CW2019_2318_t138.jpg,0
CW2019_2318_t142.jpg,0
CW2019_2318_t147.jpg,0
CW2019_2318_t149.jpg,1
CW2019_2335_t007.jpg,1
CW2019_2335_t009.jpg,1
CW2019_2335_t013.jpg,1
CW2019_2335_t016.jpg,1
CW2019_2335_t019.jpg,1
CW2019_2335_t022.jpg,1
CW2019_2335_t023.jpg,1
CW2019_2335_t033.jpg,0
CW2019_2335_t034.jpg,1
CW2019_2335_t036.jpg,0
CW2019_2335_t042.jpg,1
CW2019_2335_t054.jpg,1
CW2019_2335_t056.jpg,0
CW2019_2335_t091.jpg,1
CW2019_2335_t103.jpg,1
CW2019_2335_t106.jpg,1
CW2019_2335_t112.jpg,1
CW2019_2335_t117.jpg,1
CW2019_2335_t124.jpg,0
CW2019_2335_t127.jpg,1
CW2019_2335_t132.jpg,0
CW2019_2335_t139.jpg,1
CW2019_2335_t146.jpg,0
CW2019_2335_t149.jpg,1
CW2019_2335_t152.jpg,1
CW2019_2348_t011.jpg,0
CW2019_2348_t016.jpg,0
CW2019_2348_t021.jpg,0
CW2019_2348_t022.jpg,0
CW2019_2348_t036.jpg,0
CW2019_2348_t039.jpg,0
CW2019_2348_t048.jpg,0
CW2019_2348_t053.jpg,0
CW2019_2348_t066.jpg,0
CW2019_2348_t068.jpg,1
CW2019_2348_t069.jpg,1
CW2019_2348_t078.jpg,0
CW2019_2348_t079.jpg,0
CW2019_2348_t084.jpg,1
CW2019_2348_t094.jpg,1
CW2019_2348_t103.jpg,1
CW2019_2348_t108.jpg,0
CW2019_2348_t109.jpg,1
CW2019_2348_t111.jpg,0
CW2019_2348_t114.jpg,1
CW2019_2348_t128.jpg,1
CW2019_2348_t132.jpg,0
CW2019_2348_t133.jpg,1
CW2019_2348_t139.jpg,1
CW2019_2348_t144.jpg,0
CW2019_2349_t001.jpg,1
CW2019_2349_t016.jpg,1
CW2019_2349_t019.jpg,1
CW2019_2349_t039.jpg,0
CW2019_2349_t041.jpg,1
CW2019_2349_t044.jpg,0
CW2019_2349_t047.jpg,1
CW2019_2349_t051.jpg,0
CW2019_2349_t054.jpg,1
CW2019_2349_t057.jpg,0
CW2019_2349_t064.jpg,1
CW2019_2349_t081.jpg,1
CW2019_2349_t082.jpg,1
CW2019_2349_t087.jpg,1
CW2019_2349_t089.jpg,1
CW2019_2349_t091.jpg,1
CW2019_2349_t096.jpg,1
CW2019_2349_t099.jpg,1
CW2019_2349_t102.jpg,1
CW2019_2349_t106.jpg,1
CW2019_2349_t121.jpg,1
CW2019_2349_t124.jpg,0
CW2019_2349_t127.jpg,0
CW2019_2349_t142.jpg,0
CW2019_2349_t151.jpg,1
CW2019_2350_t001.jpg,1
CW2019_2350_t002.jpg,1
CW2019_2350_t016.jpg,1
CW2019_2350_t017.jpg,1
CW2019_2350_t019.jpg,1
CW2019_2350_t021.jpg,1
CW2019_2350_t032.jpg,1
CW2019_2350_t059.jpg,1
CW2019_2350_t069.jpg,1
CW2019_2350_t072.jpg,1
CW2019_2350_t086.jpg,1
CW2019_2350_t087.jpg,1
CW2019_2350_t091.jpg,1
CW2019_2350_t094.jpg,1
CW2019_2350_t101.jpg,1
CW2019_2350_t106.jpg,0
CW2019_2350_t107.jpg,0
CW2019_2350_t114.jpg,1
CW2019_2350_t119.jpg,1
CW2019_2350_t122.jpg,1
CW2019_2350_t131.jpg,1
CW2019_2350_t134.jpg,1
CW2019_2350_t136.jpg,1
CW2019_2350_t142.jpg,0
CW2019_2350_t144.jpg,0
CW2019_2352_t004.jpg,0
CW2019_2352_t012.jpg,1
CW2019_2352_t016.jpg,1
CW2019_2352_t024.jpg,1
CW2019_2352_t027.jpg,1
CW2019_2352_t029.jpg,1
CW2019_2352_t031.jpg,1
CW2019_2352_t034.jpg,1
CW2019_2352_t036.jpg,0
CW2019_2352_t047.jpg,1
CW2019_2352_t057.jpg,0
CW2019_2352_t059.jpg,1
CW2019_2352_t061.jpg,1
CW2019_2352_t066.jpg,1
CW2019_2352_t067.jpg,1
CW2019_2352_t081.jpg,1
CW2019_2352_t092.jpg,1
CW2019_2352_t097.jpg,1
CW2019_2352_t099.jpg,1
CW2019_2352_t101.jpg,1
CW2019_2352_t131.jpg,0
CW2019_2352_t132.jpg,0
CW2019_2352_t142.jpg,0
CW2019_2352_t146.jpg,0
CW2019_2352_t152.jpg,1
CW2019_2354_t001.jpg,1
CW2019_2354_t002.jpg,1
CW2019_2354_t009.jpg,1
CW2019_2354_t011.jpg,1
CW2019_2354_t012.jpg,1
CW2019_2354_t016.jpg,1
CW2019_2354_t026.jpg,0
CW2019_2354_t027.jpg,1
CW2019_2354_t032.jpg,0
CW2019_2354_t047.jpg,1
CW2019_2354_t054.jpg,1
CW2019_2354_t071.jpg,1
CW2019_2354_t072.jpg,1
CW2019_2354_t074.jpg,1
CW2019_2354_t086.jpg,1
CW2019_2354_t087.jpg,1
CW2019_2354_t099.jpg,1
CW2019_2354_t106.jpg,1
CW2019_2354_t121.jpg,1
CW2019_2354_t122.jpg,1
CW2019_2354_t134.jpg,1
CW2019_2354_t139.jpg,1
CW2019_2354_t141.jpg,1
CW2019_2354_t142.jpg,0
CW2019_2354_t152.jpg,1
CW2019_2365_t004.jpg,0
CW2019_2365_t016.jpg,1
CW2019_2365_t021.jpg,1
CW2019_2365_t024.jpg,1
CW2019_2365_t044.jpg,0
CW2019_2365_t054.jpg,1
CW2019_2365_t061.jpg,1
CW2019_2365_t064.jpg,1
CW2019_2365_t066.jpg,1
CW2019_2365_t069.jpg,1
CW2019_2365_t071.jpg,1
CW2019_2365_t077.jpg,1
CW2019_2365_t089.jpg,1
CW2019_2365_t091.jpg,1
CW2019_2365_t094.jpg,1
CW2019_2365_t102.jpg,1
CW2019_2365_t109.jpg,1
CW2019_2365_t111.jpg,0
CW2019_2365_t114.jpg,1
CW2019_2365_t116.jpg,1
CW2019_2365_t121.jpg,1
CW2019_2365_t127.jpg,0
CW2019_2365_t136.jpg,1
CW2019_2365_t149.jpg,1
CW2019_2365_t151.jpg,1
CW2019_2373_t004.jpg,0
CW2019_2373_t016.jpg,0
CW2019_2373_t021.jpg,1
CW2019_2373_t022.jpg,1
CW2019_2373_t027.jpg,1
CW2019_2373_t031.jpg,1
CW2019_2373_t034.jpg,0
CW2019_2373_t047.jpg,1
CW2019_2373_t067.jpg,1
CW2019_2373_t071.jpg,1
CW2019_2373_t072.jpg,1
CW2019_2373_t074.jpg,1
CW2019_2373_t076.jpg,1
CW2019_2373_t082.jpg,1
CW2019_2373_t084.jpg,1
CW2019_2373_t102.jpg,1
CW2019_2373_t104.jpg,1
CW2019_2373_t116.jpg,1
CW2019_2373_t117.jpg,1
CW2019_2373_t121.jpg,1
CW2019_2373_t124.jpg,0
CW2019_2373_t127.jpg,0
CW2019_2373_t139.jpg,1
CW2019_2373_t141.jpg,1
CW2019_2373_t151.jpg,1
CW2019_2378_t019.jpg,1
CW2019_2378_t022.jpg,1
CW2019_2378_t027.jpg,1
CW2019_2378_t031.jpg,1
CW2019_2378_t032.jpg,0
CW2019_2378_t037.jpg,1
CW2019_2378_t039.jpg,0
CW2019_2378_t059.jpg,1
CW2019_2378_t067.jpg,1
CW2019_2378_t069.jpg,1
CW2019_2378_t071.jpg,1
CW2019_2378_t074.jpg,1
CW2019_2378_t076.jpg,1
CW2019_2378_t084.jpg,1
CW2019_2378_t089.jpg,1
CW2019_2378_t092.jpg,1
CW2019_2378_t096.jpg,1
CW2019_2378_t106.jpg,1
CW2019_2378_t109.jpg,1
CW2019_2378_t129.jpg,1
CW2019_2378_t132.jpg,1
CW2019_2378_t134.jpg,1
CW2019_2378_t141.jpg,1
CW2019_2378_t144.jpg,0
CW2019_2378_t152.jpg,1
CW2019_2387_t009.jpg,1
CW2019_2387_t011.jpg,1
CW2019_2387_t024.jpg,1
CW2019_2387_t032.jpg,1
CW2019_2387_t034.jpg,1
CW2019_2387_t037.jpg,1
CW2019_2387_t041.jpg,1
CW2019_2387_t044.jpg,0
CW2019_2387_t046.jpg,1
CW2019_2387_t057.jpg,0
CW2019_2387_t061.jpg,1
CW2019_2387_t069.jpg,1
CW2019_2387_t071.jpg,1
CW2019_2387_t086.jpg,1
CW2019_2387_t087.jpg,1
CW2019_2387_t089.jpg,1
CW2019_2387_t092.jpg,1
CW2019_2387_t096.jpg,1
CW2019_2387_t097.jpg,1
CW2019_2387_t111.jpg,1
CW2019_2387_t114.jpg,1
CW2019_2387_t117.jpg,1
CW2019_2387_t119.jpg,1
CW2019_2387_t121.jpg,1
CW2019_2387_t147.jpg,0
CW2019_2391_t008.jpg,1
CW2019_2391_t011.jpg,1
CW2019_2391_t016.jpg,1
CW2019_2391_t024.jpg,1
CW2019_2391_t028.jpg,1
CW2019_2391_t033.jpg,0
CW2019_2391_t038.jpg,1
CW2019_2391_t046.jpg,1
CW2019_2391_t047.jpg,1
CW2019_2391_t048.jpg,0
CW2019_2391_t049.jpg,1
CW2019_2391_t061.jpg,1
CW2019_2391_t062.jpg,1
CW2019_2391_t073.jpg,1
CW2019_2391_t074.jpg,1
CW2019_2391_t078.jpg,1
CW2019_2391_t083.jpg,1
CW2019_2391_t086.jpg,1
CW2019_2391_t093.jpg,1
CW2019_2391_t101.jpg,1
CW2019_2391_t111.jpg,1
CW2019_2391_t121.jpg,1
CW2019_2391_t128.jpg,1
CW2019_2391_t132.jpg,0
CW2019_2391_t146.jpg,1
CW2019_2399_t009.jpg,1
CW2019_2399_t016.jpg,1
CW2019_2399_t017.jpg,1
CW2019_2399_t019.jpg,1
CW2019_2399_t027.jpg,1
CW2019_2399_t041.jpg,1
CW2019_2399_t046.jpg,1
CW2019_2399_t059.jpg,1
CW2019_2399_t066.jpg,1
CW2019_2399_t069.jpg,1
CW2019_2399_t071.jpg,1
CW2019_2399_t074.jpg,1
CW2019_2399_t076.jpg,1
CW2019_2399_t079.jpg,0
CW2019_2399_t091.jpg,1
CW2019_2399_t096.jpg,1
CW2019_2399_t117.jpg,1
CW2019_2399_t119.jpg,1
CW2019_2399_t122.jpg,1
CW2019_2399_t124.jpg,0
CW2019_2399_t131.jpg,1
CW2019_2399_t139.jpg,1
CW2019_2399_t141.jpg,1
CW2019_2399_t144.jpg,0
CW2019_2399_t147.jpg,1
CW2019_2405_t001.jpg,1
CW2019_2405_t012.jpg,1
CW2019_2405_t031.jpg,1
CW2019_2405_t039.jpg,0
CW2019_2405_t040.jpg,1
CW2019_2405_t049.jpg,1
CW2019_2405_t064.jpg,1
CW2019_2405_t065.jpg,1
CW2019_2405_t070.jpg,1
CW2019_2405_t075.jpg,1
CW2019_2405_t076.jpg,1
CW2019_2405_t077.jpg,0
CW2019_2405_t079.jpg,0
CW2019_2405_t082.jpg,1
CW2019_2405_t089.jpg,1
CW2019_2405_t097.jpg,1
CW2019_2405_t112.jpg,1
CW2019_2405_t119.jpg,1
CW2019_2405_t121.jpg,1
CW2019_2405_t122.jpg,1
CW2019_2405_t124.jpg,0
CW2019_2405_t129.jpg,1
CW2019_2405_t139.jpg,1
CW2019_2405_t141.jpg,1
CW2019_2405_t150.jpg,1
CW2019_2406_t007.jpg,1
CW2019_2406_t019.jpg,1
CW2019_2406_t022.jpg,1
CW2019_2406_t026.jpg,1
CW2019_2406_t030.jpg,1
CW2019_2406_t034.jpg,1
CW2019_2406_t041.jpg,1
CW2019_2406_t045.jpg,0
CW2019_2406_t056.jpg,0
CW2019_2406_t057.jpg,0
CW2019_2406_t059.jpg,1
CW2019_2406_t065.jpg,1
CW2019_2406_t066.jpg,1
CW2019_2406_t075.jpg,1
CW2019_2406_t076.jpg,1
CW2019_2406_t079.jpg,0
CW2019_2406_t082.jpg,1
CW2019_2406_t091.jpg,1
CW2019_2406_t109.jpg,1
CW2019_2406_t116.jpg,1
CW2019_2406_t125.jpg,1
CW2019_2406_t139.jpg,1
CW2019_2406_t140.jpg,1
CW2019_2406_t141.jpg,1
CW2019_2406_t142.jpg,0
CW2019_2411_t012.jpg,1
CW2019_2411_t015.jpg,0
CW2019_2411_t032.jpg,0
CW2019_2411_t034.jpg,0
CW2019_2411_t042.jpg,1
CW2019_2411_t050.jpg,0
CW2019_2411_t055.jpg,0
CW2019_2411_t057.jpg,1
CW2019_2411_t059.jpg,1
CW2019_2411_t061.jpg,1
CW2019_2411_t066.jpg,1
CW2019_2411_t069.jpg,1
CW2019_2411_t070.jpg,1
CW2019_2411_t071.jpg,1
CW2019_2411_t090.jpg,1
CW2019_2411_t092.jpg,1
CW2019_2411_t104.jpg,1
CW2019_2411_t105.jpg,1
CW2019_2411_t119.jpg,1
CW2019_2411_t121.jpg,1
CW2019_2411_t129.jpg,1
CW2019_2411_t132.jpg,0
CW2019_2411_t135.jpg,0
CW2019_2411_t139.jpg,1
CW2019_2411_t152.jpg,1
CW2019_2414_t014.jpg,1
CW2019_2414_t016.jpg,1
CW2019_2414_t021.jpg,1
CW2019_2414_t027.jpg,1
CW2019_2414_t031.jpg,1
CW2019_2414_t039.jpg,0
CW2019_2414_t042.jpg,1
CW2019_2414_t051.jpg,0
CW2019_2414_t056.jpg,0
CW2019_2414_t057.jpg,0
CW2019_2414_t059.jpg,1
CW2019_2414_t067.jpg,1
CW2019_2414_t069.jpg,1
CW2019_2414_t071.jpg,1
CW2019_2414_t086.jpg,1
CW2019_2414_t092.jpg,1
CW2019_2414_t107.jpg,0
CW2019_2414_t117.jpg,1
CW2019_2414_t121.jpg,1
CW2019_2414_t132.jpg,0
CW2019_2414_t141.jpg,1
CW2019_2414_t144.jpg,0
CW2019_2414_t147.jpg,1
CW2019_2414_t151.jpg,1
CW2019_2414_t152.jpg,1
CW2019_2423_t000.jpg,1
CW2019_2423_t004.jpg,1
CW2019_2423_t007.jpg,1
CW2019_2423_t009.jpg,1
CW2019_2423_t016.jpg,0
CW2019_2423_t019.jpg,1
CW2019_2423_t021.jpg,1
CW2019_2423_t022.jpg,1
CW2019_2423_t025.jpg,1
CW2019_2423_t047.jpg,1
CW2019_2423_t051.jpg,0
CW2019_2423_t066.jpg,1
CW2019_2423_t072.jpg,1
CW2019_2423_t077.jpg,0
CW2019_2423_t079.jpg,0
CW2019_2423_t087.jpg,1
CW2019_2423_t094.jpg,1
CW2019_2423_t097.jpg,1
CW2019_2423_t100.jpg,1
CW2019_2423_t112.jpg,1
CW2019_2423_t120.jpg,1
CW2019_2423_t140.jpg,1
CW2019_2423_t142.jpg,0
CW2019_2423_t146.jpg,0
CW2019_2423_t147.jpg,0
CW2019_2430_t005.jpg,1
CW2019_2430_t021.jpg,1
CW2019_2430_t034.jpg,0
CW2019_2430_t045.jpg,1
CW2019_2430_t049.jpg,1
CW2019_2430_t051.jpg,0
CW2019_2430_t060.jpg,1
CW2019_2430_t064.jpg,1
CW2019_2430_t066.jpg,1
CW2019_2430_t069.jpg,1
CW2019_2430_t070.jpg,1
CW2019_2430_t074.jpg,1
CW2019_2430_t081.jpg,1
CW2019_2430_t082.jpg,1
CW2019_2430_t084.jpg,1
CW2019_2430_t090.jpg,1
CW2019_2430_t092.jpg,1
CW2019_2430_t095.jpg,1
CW2019_2430_t100.jpg,1
CW2019_2430_t106.jpg,1
CW2019_2430_t117.jpg,1
CW2019_2430_t130.jpg,0
CW2019_2430_t136.jpg,1
CW2019_2430_t140.jpg,1
CW2019_2430_t152.jpg,1
CW2019_2431_t015.jpg,0
CW2019_2431_t021.jpg,1
CW2019_2431_t025.jpg,1
CW2019_2431_t039.jpg,0
CW2019_2431_t042.jpg,1
CW2019_2431_t045.jpg,1
CW2019_2431_t047.jpg,1
CW2019_2431_t051.jpg,0
CW2019_2431_t055.jpg,0
CW2019_2431_t059.jpg,1
CW2019_2431_t067.jpg,1
CW2019_2431_t077.jpg,0
CW2019_2431_t084.jpg,1
CW2019_2431_t085.jpg,1
CW2019_2431_t089.jpg,1
CW2019_2431_t090.jpg,1
CW2019_2431_t091.jpg,1
CW2019_2431_t099.jpg,1
CW2019_2431_t102.jpg,1
CW2019_2431_t107.jpg,0
CW2019_2431_t116.jpg,1
CW2019_2431_t127.jpg,0
CW2019_2431_t132.jpg,1
CW2019_2431_t140.jpg,1
CW2019_2431_t149.jpg,1
CW2019_2432_t007.jpg,1
CW2019_2432_t010.jpg,0
CW2019_2432_t016.jpg,0
CW2019_2432_t019.jpg,1
CW2019_2432_t020.jpg,1
CW2019_2432_t027.jpg,1
CW2019_2432_t036.jpg,1
CW2019_2432_t040.jpg,1
CW2019_2432_t050.jpg,0
CW2019_2432_t065.jpg,1
CW2019_2432_t071.jpg,1
CW2019_2432_t075.jpg,1
CW2019_2432_t079.jpg,1
CW2019_2432_t094.jpg,1
CW2019_2432_t099.jpg,1
CW2019_2432_t110.jpg,1
CW2019_2432_t112.jpg,1
CW2019_2432_t115.jpg,1
CW2019_2432_t119.jpg,1
CW2019_2432_t127.jpg,0
CW2019_2432_t139.jpg,1
CW2019_2432_t140.jpg,1
CW2019_2432_t141.jpg,1
CW2019_2432_t147.jpg,0
CW2019_2432_t149.jpg,1
CW2019_2437_t001.jpg,0
CW2019_2437_t010.jpg,0
CW2019_2437_t016.jpg,0
CW2019_2437_t024.jpg,1
CW2019_2437_t036.jpg,0
CW2019_2437_t040.jpg,1
CW2019_2437_t045.jpg,0
CW2019_2437_t051.jpg,0
CW2019_2437_t055.jpg,0
CW2019_2437_t062.jpg,1
CW2019_2437_t067.jpg,1
CW2019_2437_t069.jpg,1
CW2019_2437_t071.jpg,1
CW2019_2437_t077.jpg,1
CW2019_2437_t091.jpg,1
CW2019_2437_t094.jpg,1
CW2019_2437_t099.jpg,1
CW2019_2437_t100.jpg,1
CW2019_2437_t102.jpg,1
CW2019_2437_t104.jpg,1
CW2019_2437_t111.jpg,1
CW2019_2437_t126.jpg,0
CW2019_2437_t132.jpg,1
CW2019_2437_t134.jpg,1
CW2019_2437_t141.jpg,1
CW2019_2449_t001.jpg,1
CW2019_2449_t011.jpg,1
CW2019_2449_t019.jpg,1
CW2019_2449_t030.jpg,0
CW2019_2449_t034.jpg,0
CW2019_2449_t040.jpg,1
CW2019_2449_t047.jpg,1
CW2019_2449_t054.jpg,0
CW2019_2449_t055.jpg,0
CW2019_2449_t056.jpg,0
CW2019_2449_t069.jpg,1
CW2019_2449_t071.jpg,1
CW2019_2449_t076.jpg,1
CW2019_2449_t077.jpg,0
CW2019_2449_t090.jpg,1
CW2019_2449_t100.jpg,1
CW2019_2449_t107.jpg,0
CW2019_2449_t115.jpg,1
CW2019_2449_t119.jpg,1
CW2019_2449_t122.jpg,1
CW2019_2449_t126.jpg,0
CW2019_2449_t136.jpg,1
CW2019_2449_t140.jpg,1
CW2019_2449_t147.jpg,0
CW2019_2449_t149.jpg,1
CW2019_2454_t000.jpg,1
CW2019_2454_t002.jpg,1
CW2019_2454_t005.jpg,1
CW2019_2454_t035.jpg,1
CW2019_2454_t037.jpg,1
CW2019_2454_t039.jpg,0
CW2019_2454_t042.jpg,1
CW2019_2454_t054.jpg,1
CW2019_2454_t055.jpg,0
CW2019_2454_t061.jpg,1
CW2019_2454_t062.jpg,1
CW2019_2454_t064.jpg,1
CW2019_2454_t072.jpg,1
CW2019_2454_t074.jpg,1
CW2019_2454_t081.jpg,1
CW2019_2454_t090.jpg,1
CW2019_2454_t092.jpg,1
CW2019_2454_t094.jpg,1
CW2019_2454_t114.jpg,1
CW2019_2454_t122.jpg,1
CW2019_2454_t125.jpg,0
CW2019_2454_t130.jpg,0
CW2019_2454_t136.jpg,1
CW2019_2454_t139.jpg,1
CW2019_2454_t151.jpg,1
CW2019_2455_t002.jpg,1
CW2019_2455_t004.jpg,1
CW2019_2455_t005.jpg,1
CW2019_2455_t007.jpg,1
CW2019_2455_t020.jpg,1
CW2019_2455_t022.jpg,1
CW2019_2455_t025.jpg,1
CW2019_2455_t026.jpg,1
CW2019_2455_t032.jpg,1
CW2019_2455_t035.jpg,1
CW2019_2455_t036.jpg,1
CW2019_2455_t046.jpg,1
CW2019_2455_t049.jpg,1
CW2019_2455_t051.jpg,0
CW2019_2455_t057.jpg,0
CW2019_2455_t059.jpg,1
CW2019_2455_t060.jpg,1
CW2019_2455_t070.jpg,1
CW2019_2455_t105.jpg,1
CW2019_2455_t116.jpg,1
CW2019_2455_t119.jpg,1
CW2019_2455_t129.jpg,1
CW2019_2455_t130.jpg,0
CW2019_2455_t141.jpg,1
CW2019_2455_t151.jpg,1
CW2019_2460_t015.jpg,0
CW2019_2460_t019.jpg,1
CW2019_2460_t020.jpg,1
CW2019_2460_t022.jpg,1
CW2019_2460_t029.jpg,1
CW2019_2460_t030.jpg,0
CW2019_2460_t041.jpg,1
CW2019_2460_t054.jpg,0
CW2019_2460_t064.jpg,1
CW2019_2460_t065.jpg,1
CW2019_2460_t070.jpg,1
CW2019_2460_t071.jpg,1
CW2019_2460_t079.jpg,1
CW2019_2460_t086.jpg,1
CW2019_2460_t099.jpg,1
CW2019_2460_t105.jpg,1
CW2019_2460_t107.jpg,0
CW2019_2460_t109.jpg,1
CW2019_2460_t111.jpg,0
CW2019_2460_t112.jpg,1
CW2019_2460_t127.jpg,1
CW2019_2460_t130.jpg,0
CW2019_2460_t140.jpg,1
CW2019_2460_t144.jpg,1
CW2019_2460_t146.jpg,0
CW2019_2471_t002.jpg,1
CW2019_2471_t004.jpg,1
CW2019_2471_t007.jpg,1
CW2019_2471_t010.jpg,0
CW2019_2471_t012.jpg,1
CW2019_2471_t016.jpg,0
CW2019_2471_t026.jpg,1
CW2019_2471_t035.jpg,1
CW2019_2471_t041.jpg,1
CW2019_2471_t057.jpg,0
CW2019_2471_t072.jpg,1
CW2019_2471_t077.jpg,1
CW2019_2471_t082.jpg,0
CW2019_2471_t087.jpg,1
CW2019_2471_t092.jpg,1
CW2019_2471_t101.jpg,1
CW2019_2471_t105.jpg,1
CW2019_2471_t114.jpg,1
CW2019_2471_t124.jpg,1
CW2019_2471_t126.jpg,0
CW2019_2471_t127.jpg,0
CW2019_2471_t131.jpg,1
CW2019_2471_t134.jpg,1
CW2019_2471_t139.jpg,1
CW2019_2471_t147.jpg,0
CW2019_2478_t002.jpg,1
CW2019_2478_t005.jpg,1
CW2019_2478_t011.jpg,1
CW2019_2478_t024.jpg,1
CW2019_2478_t025.jpg,1
CW2019_2478_t030.jpg,0
CW2019_2478_t041.jpg,1
CW2019_2478_t056.jpg,0
CW2019_2478_t070.jpg,1
CW2019_2478_t071.jpg,1
CW2019_2478_t074.jpg,1
CW2019_2478_t076.jpg,1
CW2019_2478_t077.jpg,1
CW2019_2478_t079.jpg,0
CW2019_2478_t100.jpg,1
CW2019_2478_t107.jpg,0
CW2019_2478_t115.jpg,1
CW2019_2478_t116.jpg,1
CW2019_2478_t119.jpg,1
CW2019_2478_t120.jpg,1
CW2019_2478_t131.jpg,1
CW2019_2478_t134.jpg,1
CW2019_2478_t140.jpg,1
CW2019_2478_t150.jpg,1
CW2019_2478_t152.jpg,1
CW2019_2479_t005.jpg,1
CW2019_2479_t021.jpg,1
CW2019_2479_t029.jpg,1
CW2019_2479_t032.jpg,0
CW2019_2479_t036.jpg,1
CW2019_2479_t039.jpg,0
CW2019_2479_t044.jpg,0
CW2019_2479_t045.jpg,0
CW2019_2479_t049.jpg,1
CW2019_2479_t050.jpg,0
CW2019_2479_t067.jpg,1
CW2019_2479_t069.jpg,1
CW2019_2479_t071.jpg,1
CW2019_2479_t079.jpg,1
CW2019_2479_t082.jpg,0
CW2019_2479_t090.jpg,0
CW2019_2479_t091.jpg,1
CW2019_2479_t105.jpg,1
CW2019_2479_t119.jpg,1
CW2019_2479_t124.jpg,1
CW2019_2479_t134.jpg,1
CW2019_2479_t141.jpg,1
CW2019_2479_t147.jpg,0
CW2019_2479_t149.jpg,1
CW2019_2479_t152.jpg,1
CW2019_2480_t000.jpg,1
CW2019_2480_t002.jpg,1
CW2019_2480_t011.jpg,1
CW2019_2480_t017.jpg,1
CW2019_2480_t022.jpg,1
CW2019_2480_t025.jpg,1
CW2019_2480_t026.jpg,1
CW2019_2480_t040.jpg,1
CW2019_2480_t041.jpg,1
CW2019_2480_t045.jpg,0
CW2019_2480_t057.jpg,0
CW2019_2480_t061.jpg,1
CW2019_2480_t062.jpg,1
CW2019_2480_t069.jpg,1
CW2019_2480_t071.jpg,1
CW2019_2480_t074.jpg,1
CW2019_2480_t077.jpg,1
CW2019_2480_t090.jpg,1
CW2019_2480_t094.jpg,1
CW2019_2480_t096.jpg,1
CW2019_2480_t100.jpg,1
CW2019_2480_t114.jpg,1
CW2019_2480_t115.jpg,1
CW2019_2480_t139.jpg,1
CW2019_2480_t146.jpg,0
CW2019_2482_t001.jpg,1
CW2019_2482_t002.jpg,1
CW2019_2482_t007.jpg,1
CW2019_2482_t019.jpg,1
CW2019_2482_t029.jpg,1
CW2019_2482_t034.jpg,0
CW2019_2482_t035.jpg,1
CW2019_2482_t037.jpg,0
CW2019_2482_t041.jpg,1
CW2019_2482_t055.jpg,0
CW2019_2482_t070.jpg,1
CW2019_2482_t072.jpg,1
CW2019_2482_t076.jpg,1
CW2019_2482_t080.jpg,0
CW2019_2482_t087.jpg,1
CW2019_2482_t092.jpg,1
CW2019_2482_t100.jpg,1
CW2019_2482_t110.jpg,1
CW2019_2482_t121.jpg,1
CW2019_2482_t125.jpg,0
CW2019_2482_t136.jpg,1
CW2019_2482_t141.jpg,1
CW2019_2482_t142.jpg,0
CW2019_2482_t144.jpg,0
CW2019_2482_t149.jpg,1
CW2019_2487_t009.jpg,1
CW2019_2487_t010.jpg,0
CW2019_2487_t015.jpg,0
CW2019_2487_t021.jpg,1
CW2019_2487_t030.jpg,0
CW2019_2487_t031.jpg,1
CW2019_2487_t034.jpg,1
CW2019_2487_t036.jpg,0
CW2019_2487_t040.jpg,1
CW2019_2487_t044.jpg,0
CW2019_2487_t045.jpg,0
CW2019_2487_t050.jpg,0
CW2019_2487_t055.jpg,0
CW2019_2487_t056.jpg,0
CW2019_2487_t064.jpg,1
CW2019_2487_t071.jpg,1
CW2019_2487_t079.jpg,1
CW2019_2487_t080.jpg,1
CW2019_2487_t081.jpg,1
CW2019_2487_t092.jpg,1
CW2019_2487_t094.jpg,1
CW2019_2487_t095.jpg,1
CW2019_2487_t096.jpg,1
CW2019_2487_t121.jpg,1
CW2019_2487_t147.jpg,0
CW2019_2488_t002.jpg,1
CW2019_2488_t010.jpg,0
CW2019_2488_t012.jpg,1
CW2019_2488_t015.jpg,0
CW2019_2488_t019.jpg,1
CW2019_2488_t025.jpg,1
CW2019_2488_t042.jpg,1
CW2019_2488_t046.jpg,1
CW2019_2488_t051.jpg,0
CW2019_2488_t057.jpg,0
CW2019_2488_t060.jpg,1
CW2019_2488_t062.jpg,1
CW2019_2488_t070.jpg,1
CW2019_2488_t074.jpg,1
CW2019_2488_t077.jpg,1
CW2019_2488_t082.jpg,1
CW2019_2488_t086.jpg,1
CW2019_2488_t092.jpg,1
CW2019_2488_t094.jpg,1
CW2019_2488_t097.jpg,1
CW2019_2488_t104.jpg,1
CW2019_2488_t109.jpg,1
CW2019_2488_t120.jpg,1
CW2019_2488_t134.jpg,1
CW2019_2488_t136.jpg,1
CW2019_2494_t002.jpg,1
CW2019_2494_t005.jpg,1
CW2019_2494_t014.jpg,0
CW2019_2494_t015.jpg,0
CW2019_2494_t022.jpg,1
CW2019_2494_t029.jpg,1
CW2019_2494_t034.jpg,0
CW2019_2494_t045.jpg,0
CW2019_2494_t049.jpg,0
CW2019_2494_t055.jpg,0
CW2019_2494_t057.jpg,0
CW2019_2494_t059.jpg,1
CW2019_2494_t062.jpg,1
CW2019_2494_t067.jpg,1
CW2019_2494_t069.jpg,1
CW2019_2494_t075.jpg,1
CW2019_2494_t087.jpg,1
CW2019_2494_t089.jpg,1
CW2019_2494_t094.jpg,1
CW2019_2494_t099.jpg,1
CW2019_2494_t100.jpg,1
CW2019_2494_t102.jpg,1
CW2019_2494_t117.jpg,1
CW2019_2494_t125.jpg,1
CW2019_2494_t149.jpg,1
CW2019_2498_t028.jpg,1
CW2019_2498_t029.jpg,1
CW2019_2498_t038.jpg,1
CW2019_2498_t043.jpg,0
CW2019_2498_t054.jpg,1
CW2019_2498_t063.jpg,1
CW2019_2498_t065.jpg,0
CW2019_2498_t074.jpg,1
CW2019_2498_t079.jpg,0
CW2019_2498_t084.jpg,1
CW2019_2498_t087.jpg,1
CW2019_2498_t090.jpg,1
CW2019_2498_t095.jpg,1
CW2019_2498_t098.jpg,1
CW2019_2498_t099.jpg,1
CW2019_2498_t103.jpg,1
CW2019_2498_t107.jpg,0
CW2019_2498_t109.jpg,1
CW2019_2498_t113.jpg,1
CW2019_2498_t120.jpg,1
CW2019_2498_t128.jpg,1
CW2019_2498_t138.jpg,1
CW2019_2498_t139.jpg,1
CW2019_2498_t140.jpg,1
CW2019_2498_t147.jpg,0
CW2019_2502_t005.jpg,1
CW2019_2502_t032.jpg,0
CW2019_2502_t037.jpg,1
CW2019_2502_t039.jpg,0
CW2019_2502_t041.jpg,1
CW2019_2502_t042.jpg,1
CW2019_2502_t050.jpg,0
CW2019_2502_t056.jpg,0
CW2019_2502_t060.jpg,1
CW2019_2502_t062.jpg,1
CW2019_2502_t064.jpg,1
CW2019_2502_t070.jpg,1
CW2019_2502_t074.jpg,1
CW2019_2502_t075.jpg,1
CW2019_2502_t079.jpg,1
CW2019_2502_t082.jpg,1
CW2019_2502_t086.jpg,1
CW2019_2502_t096.jpg,1
CW2019_2502_t101.jpg,1
CW2019_2502_t109.jpg,1
CW2019_2502_t117.jpg,1
CW2019_2502_t135.jpg,1
CW2019_2502_t139.jpg,1
CW2019_2502_t142.jpg,1
CW2019_2502_t149.jpg,1
CW2019_2506_t000.jpg,1
CW2019_2506_t001.jpg,1
CW2019_2506_t010.jpg,0
CW2019_2506_t015.jpg,0
CW2019_2506_t026.jpg,1
CW2019_2506_t029.jpg,1
CW2019_2506_t030.jpg,0
CW2019_2506_t032.jpg,0
CW2019_2506_t042.jpg,1
CW2019_2506_t045.jpg,0
CW2019_2506_t057.jpg,0
CW2019_2506_t064.jpg,1
CW2019_2506_t065.jpg,1
CW2019_2506_t067.jpg,1
CW2019_2506_t074.jpg,1
CW2019_2506_t075.jpg,1
CW2019_2506_t079.jpg,0
CW2019_2506_t084.jpg,1
CW2019_2506_t089.jpg,1
CW2019_2506_t112.jpg,1
CW2019_2506_t115.jpg,1
CW2019_2506_t132.jpg,1
CW2019_2506_t139.jpg,1
CW2019_2506_t146.jpg,0
CW2019_2506_t151.jpg,1
CW2019_2507_t016.jpg,0
CW2019_2507_t031.jpg,1
CW2019_2507_t032.jpg,0
CW2019_2507_t035.jpg,1
CW2019_2507_t047.jpg,1
CW2019_2507_t054.jpg,1
CW2019_2507_t057.jpg,1
CW2019_2507_t061.jpg,1
CW2019_2507_t075.jpg,1
CW2019_2507_t084.jpg,1
CW2019_2507_t086.jpg,1
CW2019_2507_t096.jpg,1
CW2019_2507_t102.jpg,1
CW2019_2507_t104.jpg,1
CW2019_2507_t105.jpg,1
CW2019_2507_t109.jpg,1
CW2019_2507_t119.jpg,1
CW2019_2507_t122.jpg,1
CW2019_2507_t127.jpg,0
CW2019_2507_t129.jpg,1
CW2019_2507_t132.jpg,1
CW2019_2507_t136.jpg,1
CW2019_2507_t141.jpg,1
CW2019_2507_t146.jpg,0
CW2019_2507_t150.jpg,1
CW2019_2510_t009.jpg,1
CW2019_2510_t019.jpg,1
CW2019_2510_t031.jpg,1
CW2019_2510_t034.jpg,1
CW2019_2510_t036.jpg,0
CW2019_2510_t046.jpg,1
CW2019_2510_t054.jpg,1
CW2019_2510_t057.jpg,0
CW2019_2510_t067.jpg,1
CW2019_2510_t069.jpg,1
CW2019_2510_t081.jpg,1
CW2019_2510_t089.jpg,1
CW2019_2510_t091.jpg,1
CW2019_2510_t092.jpg,1
CW2019_2510_t094.jpg,1
CW2019_2510_t107.jpg,0
CW2019_2510_t116.jpg,1
CW2019_2510_t124.jpg,0
CW2019_2510_t129.jpg,0
CW2019_2510_t131.jpg,0
CW2019_2510_t139.jpg,1
CW2019_2510_t142.jpg,1
CW2019_2510_t144.jpg,1
CW2019_2510_t146.jpg,0
CW2019_2510_t151.jpg,1
CW2019_2514_t008.jpg,1
CW2019_2514_t014.jpg,0
CW2019_2514_t016.jpg,1
CW2019_2514_t019.jpg,1
CW2019_2514_t024.jpg,1
CW2019_2514_t033.jpg,0
CW2019_2514_t048.jpg,1
CW2019_2514_t051.jpg,0
CW2019_2514_t069.jpg,1
CW2019_2514_t076.jpg,1
CW2019_2514_t081.jpg,1
CW2019_2514_t089.jpg,1
CW2019_2514_t091.jpg,1
CW2019_2514_t093.jpg,1
CW2019_2514_t096.jpg,1
CW2019_2514_t098.jpg,1
CW2019_2514_t099.jpg,1
CW2019_2514_t109.jpg,1
CW2019_2514_t124.jpg,0
CW2019_2514_t128.jpg,1
CW2019_2514_t129.jpg,0
CW2019_2514_t131.jpg,1
CW2019_2514_t143.jpg,0
CW2019_2514_t144.jpg,0
CW2019_2514_t147.jpg,0
CW2019_2516_t009.jpg,1
CW2019_2516_t011.jpg,1
CW2019_2516_t018.jpg,1
CW2019_2516_t027.jpg,1
CW2019_2516_t028.jpg,1
CW2019_2516_t032.jpg,0
CW2019_2516_t042.jpg,1
CW2019_2516_t067.jpg,1
CW2019_2516_t071.jpg,1
CW2019_2516_t074.jpg,1
CW2019_2516_t081.jpg,1
CW2019_2516_t086.jpg,1
CW2019_2516_t088.jpg,1
CW2019_2516_t089.jpg,1
CW2019_2516_t097.jpg,1
CW2019_2516_t103.jpg,1
CW2019_2516_t107.jpg,0
CW2019_2516_t109.jpg,1
CW2019_2516_t111.jpg,1
CW2019_2516_t112.jpg,1
CW2019_2516_t113.jpg,1
CW2019_2516_t123.jpg,1
CW2019_2516_t136.jpg,0
CW2019_2516_t139.jpg,1
CW2019_2516_t146.jpg,1
CW2019_2518_t004.jpg,0
CW2019_2518_t021.jpg,1
CW2019_2518_t023.jpg,1
CW2019_2518_t026.jpg,1
CW2019_2518_t029.jpg,1
CW2019_2518_t040.jpg,1
CW2019_2518_t048.jpg,0
CW2019_2518_t056.jpg,1
CW2019_2518_t063.jpg,1
CW2019_2518_t065.jpg,1
CW2019_2518_t076.jpg,1
CW2019_2518_t094.jpg,1
CW2019_2518_t098.jpg,0
CW2019_2518_t111.jpg,1
CW2019_2518_t113.jpg,1
CW2019_2518_t115.jpg,1
CW2019_2518_t118.jpg,1
CW2019_2518_t123.jpg,1
CW2019_2518_t124.jpg,0
CW2019_2518_t129.jpg,0
CW2019_2518_t138.jpg,0
CW2019_2518_t139.jpg,1
CW2019_2518_t143.jpg,1
CW2019_2518_t145.jpg,0
CW2019_2518_t149.jpg,1
CW2019_2522_t008.jpg,1
CW2019_2522_t011.jpg,1
CW2019_2522_t019.jpg,1
CW2019_2522_t021.jpg,1
CW2019_2522_t026.jpg,1
CW2019_2522_t031.jpg,1
CW2019_2522_t034.jpg,1
CW2019_2522_t038.jpg,1
CW2019_2522_t049.jpg,1
CW2019_2522_t053.jpg,0
CW2019_2522_t056.jpg,1
CW2019_2522_t063.jpg,1
CW2019_2522_t071.jpg,1
CW2019_2522_t086.jpg,1
CW2019_2522_t088.jpg,1
CW2019_2522_t089.jpg,1
CW2019_2522_t091.jpg,1
CW2019_2522_t094.jpg,1
CW2019_2522_t098.jpg,0
CW2019_2522_t099.jpg,1
CW2019_2522_t106.jpg,1
CW2019_2522_t111.jpg,1
CW2019_2522_t134.jpg,0
CW2019_2522_t141.jpg,1
CW2019_2522_t146.jpg,1
CW2018_1077_t002.jpg,1
CW2018_1077_t016.jpg,1
CW2018_1077_t021.jpg,1
CW2018_1077_t022.jpg,1
CW2018_1077_t029.jpg,0
CW2018_1077_t034.jpg,1
CW2018_1077_t036.jpg,0
CW2018_1077_t037.jpg,0
CW2018_1077_t049.jpg,0
CW2018_1077_t056.jpg,1
CW2018_1077_t057.jpg,1
CW2018_1077_t059.jpg,0
CW2018_1077_t067.jpg,1
CW2018_1077_t077.jpg,0
CW2018_1077_t081.jpg,1
CW2018_1077_t084.jpg,1
CW2018_1077_t086.jpg,0
CW2018_1077_t099.jpg,0
CW2018_1077_t107.jpg,1
CW2018_1077_t121.jpg,0
CW2018_1077_t126.jpg,1
CW2018_1077_t129.jpg,1
CW2018_1077_t131.jpg,1
CW2018_1077_t139.jpg,1
CW2018_1077_t146.jpg,1
CW2018_1080_t001.jpg,0
CW2018_1080_t003.jpg,0
CW2018_1080_t006.jpg,1
CW2018_1080_t014.jpg,1
CW2018_1080_t016.jpg,1
CW2018_1080_t018.jpg,1
CW2018_1080_t023.jpg,0
CW2018_1080_t028.jpg,0
CW2018_1080_t029.jpg,0
CW2018_1080_t033.jpg,0
CW2018_1080_t043.jpg,1
CW2018_1080_t044.jpg,1
CW2018_1080_t046.jpg,0
CW2018_1080_t068.jpg,1
CW2018_1080_t069.jpg,0
CW2018_1080_t071.jpg,0
CW2018_1080_t079.jpg,1
CW2018_1080_t081.jpg,1
CW2018_1080_t103.jpg,0
CW2018_1080_t109.jpg,0
CW2018_1080_t121.jpg,0
CW2018_1080_t128.jpg,0
CW2018_1080_t133.jpg,1
CW2018_1080_t143.jpg,1
CW2018_1080_t144.jpg,1
CW2018_1083_t006.jpg,0
CW2018_1083_t008.jpg,0
CW2018_1083_t039.jpg,0
CW2018_1083_t045.jpg,0
CW2018_1083_t046.jpg,0
CW2018_1083_t053.jpg,0
CW2018_1083_t054.jpg,0
CW2018_1083_t065.jpg,0
CW2018_1083_t066.jpg,0
CW2018_1083_t074.jpg,0
CW2018_1083_t088.jpg,1
CW2018_1083_t093.jpg,0
CW2018_1083_t095.jpg,1
CW2018_1083_t108.jpg,0
CW2018_1083_t110.jpg,1
CW2018_1083_t111.jpg,1
CW2018_1083_t119.jpg,1
CW2018_1083_t120.jpg,1
CW2018_1083_t123.jpg,0
CW2018_1083_t124.jpg,0
CW2018_1083_t130.jpg,0
CW2018_1083_t133.jpg,1
CW2018_1083_t135.jpg,1
CW2018_1083_t140.jpg,1
CW2018_1083_t149.jpg,0
CW2018_1087_t007.jpg,1
CW2018_1087_t010.jpg,1
CW2018_1087_t028.jpg,1
CW2018_1087_t033.jpg,0
CW2018_1087_t035.jpg,0
CW2018_1087_t047.jpg,1
CW2018_1087_t049.jpg,0
CW2018_1087_t053.jpg,1
CW2018_1087_t055.jpg,0
CW2018_1087_t062.jpg,1
CW2018_1087_t063.jpg,1
CW2018_1087_t064.jpg,1
CW2018_1087_t072.jpg,1
CW2018_1087_t074.jpg,0
CW2018_1087_t077.jpg,1
CW2018_1087_t087.jpg,0
CW2018_1087_t093.jpg,0
CW2018_1087_t108.jpg,0
CW2018_1087_t113.jpg,1
CW2018_1087_t122.jpg,0
CW2018_1087_t133.jpg,1
CW2018_1087_t134.jpg,1
CW2018_1087_t139.jpg,0
CW2018_1087_t147.jpg,0
CW2018_1087_t152.jpg,1
CW2018_1088_t006.jpg,1
CW2018_1088_t010.jpg,1
CW2018_1088_t011.jpg,0
CW2018_1088_t018.jpg,1
CW2018_1088_t021.jpg,0
CW2018_1088_t030.jpg,0
CW2018_1088_t033.jpg,0
CW2018_1088_t038.jpg,0
CW2018_1088_t046.jpg,1
CW2018_1088_t056.jpg,1
CW2018_1088_t058.jpg,1
CW2018_1088_t066.jpg,1
CW2018_1088_t068.jpg,1
CW2018_1088_t070.jpg,1
CW2018_1088_t071.jpg,0
CW2018_1088_t076.jpg,0
CW2018_1088_t083.jpg,1
CW2018_1088_t086.jpg,0
CW2018_1088_t090.jpg,1
CW2018_1088_t095.jpg,1
CW2018_1088_t098.jpg,0
CW2018_1088_t123.jpg,0
CW2018_1088_t125.jpg,0
CW2018_1088_t141.jpg,1
CW2018_1088_t146.jpg,1
CW2018_1093_t003.jpg,0
CW2018_1093_t008.jpg,0
CW2018_1093_t018.jpg,0
CW2018_1093_t019.jpg,1
CW2018_1093_t023.jpg,0
CW2018_1093_t024.jpg,1
CW2018_1093_t033.jpg,0
CW2018_1093_t041.jpg,1
CW2018_1093_t044.jpg,1
CW2018_1093_t051.jpg,0
CW2018_1093_t056.jpg,1
CW2018_1093_t063.jpg,1
CW2018_1093_t069.jpg,0
CW2018_1093_t071.jpg,0
CW2018_1093_t073.jpg,1
CW2018_1093_t083.jpg,0
CW2018_1093_t089.jpg,1
CW2018_1093_t091.jpg,1
CW2018_1093_t098.jpg,0
CW2018_1093_t101.jpg,1
CW2018_1093_t108.jpg,1
CW2018_1093_t128.jpg,0
CW2018_1093_t138.jpg,1
CW2018_1093_t139.jpg,1
CW2018_1093_t146.jpg,1
CW2018_1096_t006.jpg,1
CW2018_1096_t014.jpg,1
CW2018_1096_t025.jpg,1
CW2018_1096_t028.jpg,1
CW2018_1096_t033.jpg,0
CW2018_1096_t035.jpg,0
CW2018_1096_t038.jpg,0
CW2018_1096_t045.jpg,0
CW2018_1096_t049.jpg,1
CW2018_1096_t051.jpg,0
CW2018_1096_t060.jpg,1
CW2018_1096_t074.jpg,0
CW2018_1096_t089.jpg,1
CW2018_1096_t091.jpg,1
CW2018_1096_t093.jpg,1
CW2018_1096_t096.jpg,1
CW2018_1096_t104.jpg,1
CW2018_1096_t105.jpg,1
CW2018_1096_t111.jpg,1
CW2018_1096_t115.jpg,1
CW2018_1096_t129.jpg,1
CW2018_1096_t130.jpg,1
CW2018_1096_t135.jpg,1
CW2018_1096_t136.jpg,1
CW2018_1096_t139.jpg,1
CW2018_1102_t006.jpg,1
CW2018_1102_t016.jpg,1
CW2018_1102_t019.jpg,1
CW2018_1102_t021.jpg,1
CW2018_1102_t039.jpg,1
CW2018_1102_t042.jpg,1
CW2018_1102_t047.jpg,1
CW2018_1102_t059.jpg,0
CW2018_1102_t061.jpg,1
CW2018_1102_t068.jpg,1
CW2018_1102_t072.jpg,1
CW2018_1102_t073.jpg,1
CW2018_1102_t074.jpg,0
CW2018_1102_t087.jpg,0
CW2018_1102_t091.jpg,1
CW2018_1102_t109.jpg,0
CW2018_1102_t111.jpg,1
CW2018_1102_t123.jpg,0
CW2018_1102_t126.jpg,1
CW2018_1102_t129.jpg,1
CW2018_1102_t131.jpg,1
CW2018_1102_t139.jpg,1
CW2018_1102_t143.jpg,1
CW2018_1102_t144.jpg,1
CW2018_1102_t152.jpg,0
CW2018_1104_t005.jpg,1
CW2018_1104_t009.jpg,1
CW2018_1104_t015.jpg,1
CW2018_1104_t016.jpg,1
CW2018_1104_t020.jpg,1
CW2018_1104_t021.jpg,1
CW2018_1104_t046.jpg,1
CW2018_1104_t048.jpg,1
CW2018_1104_t053.jpg,0
CW2018_1104_t054.jpg,1
CW2018_1104_t055.jpg,0
CW2018_1104_t058.jpg,1
CW2018_1104_t061.jpg,0
CW2018_1104_t065.jpg,1
CW2018_1104_t069.jpg,1
CW2018_1104_t085.jpg,1
CW2018_1104_t105.jpg,0
CW2018_1104_t108.jpg,0
CW2018_1104_t113.jpg,1
CW2018_1104_t119.jpg,1
CW2018_1104_t123.jpg,0
CW2018_1104_t126.jpg,1
CW2018_1104_t128.jpg,0
CW2018_1104_t133.jpg,1
CW2018_1104_t139.jpg,1
CW2018_1107_t001.jpg,0
CW2018_1107_t003.jpg,0
CW2018_1107_t004.jpg,1
CW2018_1107_t009.jpg,1
CW2018_1107_t014.jpg,0
CW2018_1107_t034.jpg,0
CW2018_1107_t049.jpg,1
CW2018_1107_t051.jpg,0
CW2018_1107_t056.jpg,1
CW2018_1107_t068.jpg,1
CW2018_1107_t069.jpg,0
CW2018_1107_t088.jpg,1
CW2018_1107_t093.jpg,1
CW2018_1107_t098.jpg,0
CW2018_1107_t111.jpg,1
CW2018_1107_t113.jpg,1
CW2018_1107_t118.jpg,1
CW2018_1107_t123.jpg,0
CW2018_1107_t126.jpg,1
CW2018_1107_t128.jpg,0
CW2018_1107_t131.jpg,0
CW2018_1107_t134.jpg,0
CW2018_1107_t136.jpg,1
CW2018_1107_t138.jpg,1
CW2018_1107_t139.jpg,1
CW2018_1109_t004.jpg,0
CW2018_1109_t005.jpg,0
CW2018_1109_t006.jpg,1
CW2018_1109_t008.jpg,1
CW2018_1109_t011.jpg,0
CW2018_1109_t020.jpg,1
CW2018_1109_t025.jpg,1
CW2018_1109_t030.jpg,1
CW2018_1109_t038.jpg,0
CW2018_1109_t039.jpg,1
CW2018_1109_t048.jpg,1
CW2018_1109_t051.jpg,0
CW2018_1109_t054.jpg,1
CW2018_1109_t058.jpg,0
CW2018_1109_t063.jpg,1
CW2018_1109_t068.jpg,1
CW2018_1109_t081.jpg,0
CW2018_1109_t088.jpg,1
CW2018_1109_t090.jpg,1
CW2018_1109_t096.jpg,1
CW2018_1109_t098.jpg,0
CW2018_1109_t100.jpg,0
CW2018_1109_t108.jpg,0
CW2018_1109_t109.jpg,1
CW2018_1109_t149.jpg,0
CW2018_1111_t001.jpg,1
CW2018_1111_t005.jpg,0
CW2018_1111_t015.jpg,1
CW2018_1111_t018.jpg,0
CW2018_1111_t025.jpg,1
CW2018_1111_t028.jpg,1
CW2018_1111_t029.jpg,0
CW2018_1111_t033.jpg,0
CW2018_1111_t035.jpg,1
CW2018_1111_t055.jpg,0
CW2018_1111_t059.jpg,0
CW2018_1111_t061.jpg,1
CW2018_1111_t066.jpg,1
CW2018_1111_t070.jpg,1
CW2018_1111_t074.jpg,0
CW2018_1111_t086.jpg,0
CW2018_1111_t093.jpg,1
CW2018_1111_t109.jpg,1
CW2018_1111_t115.jpg,1
CW2018_1111_t118.jpg,1
CW2018_1111_t124.jpg,1
CW2018_1111_t126.jpg,1
CW2018_1111_t136.jpg,0
CW2018_1111_t139.jpg,1
CW2018_1111_t141.jpg,1
CW2018_1113_t004.jpg,1
CW2018_1113_t016.jpg,1
CW2018_1113_t024.jpg,1
CW2018_1113_t028.jpg,1
CW2018_1113_t037.jpg,0
CW2018_1113_t042.jpg,1
CW2018_1113_t043.jpg,1
CW2018_1113_t048.jpg,1
CW2018_1113_t056.jpg,1
CW2018_1113_t057.jpg,1
CW2018_1113_t061.jpg,1
CW2018_1113_t068.jpg,1
CW2018_1113_t079.jpg,1
CW2018_1113_t081.jpg,1
CW2018_1113_t082.jpg,0
CW2018_1113_t083.jpg,0
CW2018_1113_t097.jpg,0
CW2018_1113_t104.jpg,1
CW2018_1113_t112.jpg,0
CW2018_1113_t129.jpg,1
CW2018_1113_t131.jpg,1
CW2018_1113_t134.jpg,1
CW2018_1113_t142.jpg,1
CW2018_1113_t148.jpg,0
CW2018_1113_t151.jpg,0
CW2018_1121_t001.jpg,0
CW2018_1121_t006.jpg,0
CW2018_1121_t013.jpg,0
CW2018_1121_t016.jpg,1
CW2018_1121_t021.jpg,1
CW2018_1121_t033.jpg,0
CW2018_1121_t036.jpg,0
CW2018_1121_t053.jpg,0
CW2018_1121_t054.jpg,1
CW2018_1121_t058.jpg,0
CW2018_1121_t073.jpg,1
CW2018_1121_t076.jpg,0
CW2018_1121_t081.jpg,1
CW2018_1121_t084.jpg,1
CW2018_1121_t086.jpg,0
CW2018_1121_t094.jpg,0
CW2018_1121_t096.jpg,1
CW2018_1121_t098.jpg,0
CW2018_1121_t106.jpg,0
CW2018_1121_t113.jpg,1
CW2018_1121_t133.jpg,1
CW2018_1121_t134.jpg,1
CW2018_1121_t141.jpg,1
CW2018_1121_t148.jpg,0
CW2018_1121_t151.jpg,0
CW2018_1123_t009.jpg,1
CW2018_1123_t011.jpg,0
CW2018_1123_t014.jpg,1
CW2018_1123_t023.jpg,0
CW2018_1123_t024.jpg,1
CW2018_1123_t025.jpg,1
CW2018_1123_t028.jpg,0
CW2018_1123_t036.jpg,0
CW2018_1123_t046.jpg,1
CW2018_1123_t054.jpg,1
CW2018_1123_t059.jpg,0
CW2018_1123_t060.jpg,1
CW2018_1123_t061.jpg,0
CW2018_1123_t071.jpg,0
CW2018_1123_t080.jpg,0
CW2018_1123_t081.jpg,1
CW2018_1123_t083.jpg,1
CW2018_1123_t091.jpg,1
CW2018_1123_t094.jpg,0
CW2018_1123_t096.jpg,1
CW2018_1123_t113.jpg,1
CW2018_1123_t115.jpg,1
CW2018_1123_t138.jpg,0
CW2018_1123_t146.jpg,1
CW2018_1123_t151.jpg,1
CW2018_1125_t003.jpg,0
CW2018_1125_t019.jpg,0
CW2018_1125_t023.jpg,0
CW2018_1125_t029.jpg,0
CW2018_1125_t034.jpg,0
CW2018_1125_t044.jpg,1
CW2018_1125_t053.jpg,0
CW2018_1125_t079.jpg,1
CW2018_1125_t084.jpg,1
CW2018_1125_t086.jpg,0
CW2018_1125_t088.jpg,1
CW2018_1125_t089.jpg,1
CW2018_1125_t091.jpg,1
CW2018_1125_t094.jpg,0
CW2018_1125_t101.jpg,1
CW2018_1125_t106.jpg,0
CW2018_1125_t118.jpg,1
CW2018_1125_t121.jpg,1
CW2018_1125_t123.jpg,0
CW2018_1125_t126.jpg,1
CW2018_1125_t138.jpg,1
CW2018_1125_t144.jpg,1
CW2018_1125_t146.jpg,0
CW2018_1125_t149.jpg,1
CW2018_1125_t151.jpg,0
CW2018_1134_t003.jpg,0
CW2018_1134_t005.jpg,0
CW2018_1134_t006.jpg,1
CW2018_1134_t008.jpg,1
CW2018_1134_t011.jpg,0
CW2018_1134_t016.jpg,0
CW2018_1134_t035.jpg,1
CW2018_1134_t040.jpg,1
CW2018_1134_t041.jpg,1
CW2018_1134_t046.jpg,1
CW2018_1134_t051.jpg,1
CW2018_1134_t056.jpg,1
CW2018_1134_t071.jpg,0
CW2018_1134_t086.jpg,0
CW2018_1134_t093.jpg,1
CW2018_1134_t101.jpg,1
CW2018_1134_t103.jpg,0
CW2018_1134_t105.jpg,1
CW2018_1134_t121.jpg,0
CW2018_1134_t126.jpg,1
CW2018_1134_t130.jpg,1
CW2018_1134_t133.jpg,1
CW2018_1134_t138.jpg,0
CW2018_1134_t140.jpg,1
CW2018_1134_t151.jpg,1
CW2018_1136_t008.jpg,1
CW2018_1136_t010.jpg,1
CW2018_1136_t015.jpg,1
CW2018_1136_t018.jpg,1
CW2018_1136_t019.jpg,0
CW2018_1136_t020.jpg,1
CW2018_1136_t024.jpg,1
CW2018_1136_t025.jpg,1
CW2018_1136_t038.jpg,0
CW2018_1136_t048.jpg,1
CW2018_1136_t059.jpg,0
CW2018_1136_t071.jpg,1
CW2018_1136_t074.jpg,0
CW2018_1136_t076.jpg,0
CW2018_1136_t078.jpg,0
CW2018_1136_t083.jpg,1
CW2018_1136_t088.jpg,1
CW2018_1136_t094.jpg,0
CW2018_1136_t103.jpg,0
CW2018_1136_t115.jpg,1
CW2018_1136_t120.jpg,1
CW2018_1136_t139.jpg,1
CW2018_1136_t140.jpg,1
CW2018_1136_t146.jpg,1
CW2018_1136_t151.jpg,1
CW2018_1138_t011.jpg,0
CW2018_1138_t019.jpg,1
CW2018_1138_t024.jpg,1
CW2018_1138_t028.jpg,1
CW2018_1138_t029.jpg,0
CW2018_1138_t033.jpg,0
CW2018_1138_t041.jpg,1
CW2018_1138_t044.jpg,1
CW2018_1138_t051.jpg,1
CW2018_1138_t069.jpg,0
CW2018_1138_t076.jpg,0
CW2018_1138_t078.jpg,0
CW2018_1138_t081.jpg,1
CW2018_1138_t083.jpg,0
CW2018_1138_t086.jpg,0
CW2018_1138_t088.jpg,1
CW2018_1138_t094.jpg,0
CW2018_1138_t098.jpg,0
CW2018_1138_t099.jpg,0
CW2018_1138_t109.jpg,1
CW2018_1138_t114.jpg,0
CW2018_1138_t118.jpg,1
CW2018_1138_t136.jpg,1
CW2018_1138_t144.jpg,1
CW2018_1138_t149.jpg,0
CW2018_1142_t003.jpg,1
CW2018_1142_t011.jpg,0
CW2018_1142_t031.jpg,0
CW2018_1142_t048.jpg,1
CW2018_1142_t053.jpg,0
CW2018_1142_t056.jpg,1
CW2018_1142_t058.jpg,0
CW2018_1142_t061.jpg,0
CW2018_1142_t068.jpg,1
CW2018_1142_t081.jpg,1
CW2018_1142_t083.jpg,0
CW2018_1142_t099.jpg,1
CW2018_1142_t101.jpg,1
CW2018_1142_t103.jpg,0
CW2018_1142_t104.jpg,1
CW2018_1142_t106.jpg,1
CW2018_1142_t109.jpg,0
CW2018_1142_t111.jpg,1
CW2018_1142_t113.jpg,1
CW2018_1142_t119.jpg,1
CW2018_1142_t121.jpg,1
CW2018_1142_t134.jpg,1
CW2018_1142_t139.jpg,1
CW2018_1142_t148.jpg,0
CW2018_1142_t149.jpg,1
CW2018_1144_t001.jpg,0
CW2018_1144_t004.jpg,0
CW2018_1144_t005.jpg,0
CW2018_1144_t023.jpg,0
CW2018_1144_t033.jpg,0
CW2018_1144_t035.jpg,1
CW2018_1144_t038.jpg,0
CW2018_1144_t041.jpg,1
CW2018_1144_t053.jpg,0
CW2018_1144_t054.jpg,1
CW2018_1144_t058.jpg,0
CW2018_1144_t063.jpg,1
CW2018_1144_t064.jpg,1
CW2018_1144_t065.jpg,1
CW2018_1144_t080.jpg,0
CW2018_1144_t088.jpg,1
CW2018_1144_t094.jpg,0
CW2018_1144_t096.jpg,1
CW2018_1144_t101.jpg,1
CW2018_1144_t124.jpg,1
CW2018_1144_t126.jpg,1
CW2018_1144_t128.jpg,0
CW2018_1144_t133.jpg,1
CW2018_1144_t143.jpg,1
CW2018_1144_t144.jpg,1
CW2018_1147_t001.jpg,0
CW2018_1147_t013.jpg,0
CW2018_1147_t014.jpg,0
CW2018_1147_t019.jpg,0
CW2018_1147_t027.jpg,0
CW2018_1147_t029.jpg,0
CW2018_1147_t033.jpg,0
CW2018_1147_t036.jpg,0
CW2018_1147_t038.jpg,0
CW2018_1147_t069.jpg,1
CW2018_1147_t073.jpg,1
CW2018_1147_t074.jpg,0
CW2018_1147_t077.jpg,0
CW2018_1147_t087.jpg,1
CW2018_1147_t093.jpg,1
CW2018_1147_t097.jpg,1
CW2018_1147_t112.jpg,1
CW2018_1147_t113.jpg,1
CW2018_1147_t114.jpg,0
CW2018_1147_t121.jpg,0
CW2018_1147_t129.jpg,1
CW2018_1147_t131.jpg,1
CW2018_1147_t136.jpg,1
CW2018_1147_t139.jpg,1
CW2018_1147_t147.jpg,0
CW2018_1148_t007.jpg,1
CW2018_1148_t014.jpg,0
CW2018_1148_t022.jpg,1
CW2018_1148_t031.jpg,0
CW2018_1148_t037.jpg,0
CW2018_1148_t038.jpg,0
CW2018_1148_t039.jpg,1
CW2018_1148_t041.jpg,1
CW2018_1148_t049.jpg,1
CW2018_1148_t058.jpg,0
CW2018_1148_t066.jpg,1
CW2018_1148_t069.jpg,1
CW2018_1148_t078.jpg,1
CW2018_1148_t082.jpg,0
CW2018_1148_t096.jpg,1
CW2018_1148_t101.jpg,1
CW2018_1148_t107.jpg,1
CW2018_1148_t112.jpg,0
CW2018_1148_t117.jpg,1
CW2018_1148_t118.jpg,1
CW2018_1148_t126.jpg,1
CW2018_1148_t129.jpg,1
CW2018_1148_t131.jpg,1
CW2018_1148_t146.jpg,1
CW2018_1148_t152.jpg,0
CW2018_1150_t005.jpg,1
CW2018_1150_t018.jpg,1
CW2018_1150_t033.jpg,0
CW2018_1150_t046.jpg,1
CW2018_1150_t053.jpg,0
CW2018_1150_t055.jpg,0
CW2018_1150_t060.jpg,0
CW2018_1150_t061.jpg,1
CW2018_1150_t065.jpg,1
CW2018_1150_t075.jpg,0
CW2018_1150_t080.jpg,0
CW2018_1150_t081.jpg,1
CW2018_1150_t086.jpg,1
CW2018_1150_t088.jpg,1
CW2018_1150_t093.jpg,1
CW2018_1150_t098.jpg,0
CW2018_1150_t101.jpg,1
CW2018_1150_t105.jpg,1
CW2018_1150_t110.jpg,1
CW2018_1150_t115.jpg,1
CW2018_1150_t120.jpg,1
CW2018_1150_t125.jpg,0
CW2018_1150_t135.jpg,1
CW2018_1150_t138.jpg,0
CW2018_1150_t146.jpg,1
CW2018_1157_t003.jpg,0
CW2018_1157_t006.jpg,0
CW2018_1157_t014.jpg,0
CW2018_1157_t021.jpg,0
CW2018_1157_t029.jpg,0
CW2018_1157_t031.jpg,0
CW2018_1157_t033.jpg,0
CW2018_1157_t034.jpg,0
CW2018_1157_t053.jpg,0
CW2018_1157_t054.jpg,1
CW2018_1157_t059.jpg,0
CW2018_1157_t061.jpg,0
CW2018_1157_t064.jpg,1
CW2018_1157_t066.jpg,1
CW2018_1157_t093.jpg,1
CW2018_1157_t096.jpg,1
CW2018_1157_t101.jpg,1
CW2018_1157_t103.jpg,0
CW2018_1157_t104.jpg,1
CW2018_1157_t114.jpg,1
CW2018_1157_t128.jpg,0
CW2018_1157_t133.jpg,1
CW2018_1157_t136.jpg,1
CW2018_1157_t138.jpg,1
CW2018_1157_t141.jpg,1
CW2018_1158_t004.jpg,1
CW2018_1158_t005.jpg,1
CW2018_1158_t012.jpg,1
CW2018_1158_t014.jpg,1
CW2018_1158_t016.jpg,1
CW2018_1158_t020.jpg,1
CW2018_1158_t021.jpg,1
CW2018_1158_t025.jpg,0
CW2018_1158_t037.jpg,0
CW2018_1158_t039.jpg,1
CW2018_1158_t047.jpg,1
CW2018_1158_t051.jpg,0
CW2018_1158_t061.jpg,1
CW2018_1158_t066.jpg,1
CW2018_1158_t070.jpg,1
CW2018_1158_t077.jpg,0
CW2018_1158_t081.jpg,1
CW2018_1158_t096.jpg,1
CW2018_1158_t102.jpg,0
CW2018_1158_t107.jpg,1
CW2018_1158_t110.jpg,1
CW2018_1158_t122.jpg,0
CW2018_1158_t130.jpg,1
CW2018_1158_t141.jpg,1
CW2018_1158_t142.jpg,1
CW2018_1164_t003.jpg,1
CW2018_1164_t004.jpg,1
CW2018_1164_t009.jpg,1
CW2018_1164_t011.jpg,0
CW2018_1164_t014.jpg,1
CW2018_1164_t021.jpg,1
CW2018_1164_t025.jpg,1
CW2018_1164_t028.jpg,1
CW2018_1164_t033.jpg,0
CW2018_1164_t034.jpg,0
CW2018_1164_t038.jpg,0
CW2018_1164_t051.jpg,0
CW2018_1164_t063.jpg,1
CW2018_1164_t074.jpg,0
CW2018_1164_t079.jpg,1
CW2018_1164_t084.jpg,1
CW2018_1164_t094.jpg,0
CW2018_1164_t114.jpg,0
CW2018_1164_t119.jpg,1
CW2018_1164_t120.jpg,0
CW2018_1164_t123.jpg,1
CW2018_1164_t126.jpg,1
CW2018_1164_t134.jpg,0
CW2018_1164_t139.jpg,1
CW2018_1164_t148.jpg,0
CW2018_1166_t001.jpg,0
CW2018_1166_t008.jpg,0
CW2018_1166_t021.jpg,0
CW2018_1166_t025.jpg,0
CW2018_1166_t036.jpg,0
CW2018_1166_t043.jpg,1
CW2018_1166_t048.jpg,1
CW2018_1166_t051.jpg,0
CW2018_1166_t058.jpg,0
CW2018_1166_t065.jpg,0
CW2018_1166_t073.jpg,1
CW2018_1166_t076.jpg,0
CW2018_1166_t078.jpg,1
CW2018_1166_t081.jpg,1
CW2018_1166_t083.jpg,1
CW2018_1166_t085.jpg,1
CW2018_1166_t090.jpg,1
CW2018_1166_t105.jpg,1
CW2018_1166_t106.jpg,0
CW2018_1166_t110.jpg,1
CW2018_1166_t118.jpg,1
CW2018_1166_t126.jpg,1
CW2018_1166_t131.jpg,1
CW2018_1166_t133.jpg,1
CW2018_1166_t146.jpg,1
CW2018_1170_t001.jpg,1
CW2018_1170_t009.jpg,1
CW2018_1170_t012.jpg,1
CW2018_1170_t019.jpg,0
CW2018_1170_t024.jpg,1
CW2018_1170_t027.jpg,1
CW2018_1170_t041.jpg,1
CW2018_1170_t046.jpg,1
CW2018_1170_t049.jpg,0
CW2018_1170_t051.jpg,1
CW2018_1170_t052.jpg,0
CW2018_1170_t053.jpg,1
CW2018_1170_t059.jpg,0
CW2018_1170_t062.jpg,1
CW2018_1170_t063.jpg,1
CW2018_1170_t066.jpg,1
CW2018_1170_t067.jpg,1
CW2018_1170_t068.jpg,1
CW2018_1170_t077.jpg,0
CW2018_1170_t079.jpg,1
CW2018_1170_t083.jpg,0
CW2018_1170_t102.jpg,1
CW2018_1170_t109.jpg,0
CW2018_1170_t116.jpg,0
CW2018_1170_t141.jpg,1
CW2018_1171_t008.jpg,1
CW2018_1171_t011.jpg,0
CW2018_1171_t018.jpg,1
CW2018_1171_t023.jpg,0
CW2018_1171_t029.jpg,0
CW2018_1171_t031.jpg,0
CW2018_1171_t033.jpg,0
CW2018_1171_t038.jpg,0
CW2018_1171_t051.jpg,1
CW2018_1171_t056.jpg,1
CW2018_1171_t058.jpg,1
CW2018_1171_t083.jpg,1
CW2018_1171_t088.jpg,1
CW2018_1171_t096.jpg,1
CW2018_1171_t101.jpg,1
CW2018_1171_t108.jpg,0
CW2018_1171_t109.jpg,1
CW2018_1171_t114.jpg,0
CW2018_1171_t118.jpg,1
CW2018_1171_t121.jpg,0
CW2018_1171_t128.jpg,0
CW2018_1171_t133.jpg,1
CW2018_1171_t138.jpg,0
CW2018_1171_t143.jpg,1
CW2018_1171_t151.jpg,1
CW2018_1172_t003.jpg,1
CW2018_1172_t009.jpg,1
CW2018_1172_t013.jpg,0
CW2018_1172_t014.jpg,1
CW2018_1172_t021.jpg,1
CW2018_1172_t023.jpg,0
CW2018_1172_t028.jpg,1
CW2018_1172_t031.jpg,0
CW2018_1172_t051.jpg,1
CW2018_1172_t063.jpg,1
CW2018_1172_t066.jpg,1
CW2018_1172_t071.jpg,0
CW2018_1172_t076.jpg,0
CW2018_1172_t081.jpg,1
CW2018_1172_t084.jpg,1
CW2018_1172_t094.jpg,0
CW2018_1172_t099.jpg,1
CW2018_1172_t103.jpg,0
CW2018_1172_t104.jpg,1
CW2018_1172_t106.jpg,0
CW2018_1172_t108.jpg,0
CW2018_1172_t109.jpg,1
CW2018_1172_t114.jpg,0
CW2018_1172_t121.jpg,0
CW2018_1172_t139.jpg,1
CW2018_1176_t006.jpg,1
CW2018_1176_t014.jpg,1
CW2018_1176_t016.jpg,1
CW2018_1176_t018.jpg,1
CW2018_1176_t021.jpg,1
CW2018_1176_t023.jpg,0
CW2018_1176_t028.jpg,1
CW2018_1176_t029.jpg,1
CW2018_1176_t039.jpg,1
CW2018_1176_t043.jpg,1
CW2018_1176_t058.jpg,1
CW2018_1176_t060.jpg,1
CW2018_1176_t071.jpg,0
CW2018_1176_t073.jpg,1
CW2018_1176_t089.jpg,1
CW2018_1176_t090.jpg,1
CW2018_1176_t094.jpg,0
CW2018_1176_t099.jpg,1
CW2018_1176_t108.jpg,0
CW2018_1176_t115.jpg,1
CW2018_1176_t116.jpg,0
CW2018_1176_t136.jpg,1
CW2018_1176_t141.jpg,1
CW2018_1176_t146.jpg,1
CW2018_1176_t149.jpg,0
CW2018_1180_t008.jpg,1
CW2018_1180_t018.jpg,1
CW2018_1180_t019.jpg,1
CW2018_1180_t024.jpg,1
CW2018_1180_t028.jpg,1
CW2018_1180_t034.jpg,0
CW2018_1180_t036.jpg,0
CW2018_1180_t041.jpg,1
CW2018_1180_t044.jpg,1
CW2018_1180_t046.jpg,0
CW2018_1180_t048.jpg,1
CW2018_1180_t049.jpg,1
CW2018_1180_t051.jpg,0
CW2018_1180_t064.jpg,1
CW2018_1180_t071.jpg,1
CW2018_1180_t073.jpg,1
CW2018_1180_t098.jpg,0
CW2018_1180_t104.jpg,1
CW2018_1180_t108.jpg,0
CW2018_1180_t111.jpg,1
CW2018_1180_t119.jpg,1
CW2018_1180_t129.jpg,1
CW2018_1180_t134.jpg,1
CW2018_1180_t136.jpg,1
CW2018_1180_t138.jpg,1
CW2018_1181_t003.jpg,1
CW2018_1181_t029.jpg,1
CW2018_1181_t034.jpg,0
CW2018_1181_t043.jpg,1
CW2018_1181_t044.jpg,1
CW2018_1181_t048.jpg,1
CW2018_1181_t066.jpg,1
CW2018_1181_t068.jpg,1
CW2018_1181_t069.jpg,0
CW2018_1181_t079.jpg,1
CW2018_1181_t083.jpg,1
CW2018_1181_t093.jpg,0
CW2018_1181_t094.jpg,0
CW2018_1181_t099.jpg,1
CW2018_1181_t101.jpg,1
CW2018_1181_t106.jpg,1
CW2018_1181_t108.jpg,0
CW2018_1181_t109.jpg,0
CW2018_1181_t121.jpg,0
CW2018_1181_t129.jpg,1
CW2018_1181_t131.jpg,1
CW2018_1181_t133.jpg,1
CW2018_1181_t144.jpg,1
CW2018_1181_t149.jpg,1
CW2018_1181_t151.jpg,0
CW2018_1185_t001.jpg,0
CW2018_1185_t010.jpg,0
CW2018_1185_t011.jpg,0
CW2018_1185_t016.jpg,0
CW2018_1185_t023.jpg,0
CW2018_1185_t036.jpg,0
CW2018_1185_t040.jpg,1
CW2018_1185_t041.jpg,1
CW2018_1185_t043.jpg,0
CW2018_1185_t048.jpg,1
CW2018_1185_t051.jpg,0
CW2018_1185_t056.jpg,1
CW2018_1185_t058.jpg,0
CW2018_1185_t068.jpg,0
CW2018_1185_t083.jpg,0
CW2018_1185_t098.jpg,0
CW2018_1185_t103.jpg,0
CW2018_1185_t113.jpg,1
CW2018_1185_t116.jpg,0
CW2018_1185_t125.jpg,0
CW2018_1185_t135.jpg,1
CW2018_1185_t136.jpg,1
CW2018_1185_t141.jpg,1
CW2018_1185_t143.jpg,1
CW2018_1185_t151.jpg,0
CW2018_1189_t006.jpg,1
CW2018_1189_t007.jpg,1
CW2018_1189_t009.jpg,1
CW2018_1189_t012.jpg,0
CW2018_1189_t047.jpg,1
CW2018_1189_t051.jpg,1
CW2018_1189_t052.jpg,1
CW2018_1189_t062.jpg,1
CW2018_1189_t064.jpg,1
CW2018_1189_t066.jpg,1
CW2018_1189_t072.jpg,1
CW2018_1189_t079.jpg,1
CW2018_1189_t084.jpg,1
CW2018_1189_t087.jpg,0
CW2018_1189_t096.jpg,1
CW2018_1189_t097.jpg,1
CW2018_1189_t101.jpg,1
CW2018_1189_t107.jpg,1
CW2018_1189_t109.jpg,0
CW2018_1189_t126.jpg,1
CW2018_1189_t131.jpg,1
CW2018_1189_t134.jpg,1
CW2018_1189_t136.jpg,1
CW2018_1189_t149.jpg,1
CW2018_1189_t151.jpg,0
CW2018_1191_t009.jpg,1
CW2018_1191_t019.jpg,1
CW2018_1191_t023.jpg,0
CW2018_1191_t033.jpg,0
CW2018_1191_t046.jpg,1
CW2018_1191_t047.jpg,1
CW2018_1191_t051.jpg,1
CW2018_1191_t052.jpg,0
CW2018_1191_t053.jpg,1
CW2018_1191_t058.jpg,0
CW2018_1191_t063.jpg,1
CW2018_1191_t064.jpg,1
CW2018_1191_t073.jpg,1
CW2018_1191_t074.jpg,0
CW2018_1191_t083.jpg,0
CW2018_1191_t089.jpg,1
CW2018_1191_t092.jpg,0
CW2018_1191_t102.jpg,1
CW2018_1191_t111.jpg,0
CW2018_1191_t119.jpg,1
CW2018_1191_t138.jpg,1
CW2018_1191_t139.jpg,1
CW2018_1191_t141.jpg,1
CW2018_1191_t142.jpg,1
CW2018_1191_t152.jpg,0
CW2018_1192_t004.jpg,1
CW2018_1192_t009.jpg,1
CW2018_1192_t011.jpg,0
CW2018_1192_t013.jpg,1
CW2018_1192_t016.jpg,1
CW2018_1192_t019.jpg,1
CW2018_1192_t023.jpg,0
CW2018_1192_t033.jpg,0
CW2018_1192_t036.jpg,0
CW2018_1192_t046.jpg,0
CW2018_1192_t048.jpg,1
CW2018_1192_t056.jpg,1
CW2018_1192_t074.jpg,0
CW2018_1192_t078.jpg,1
CW2018_1192_t084.jpg,1
CW2018_1192_t093.jpg,0
CW2018_1192_t104.jpg,1
CW2018_1192_t108.jpg,0
CW2018_1192_t118.jpg,1
CW2018_1192_t124.jpg,1
CW2018_1192_t134.jpg,0
CW2018_1192_t141.jpg,1
CW2018_1192_t143.jpg,1
CW2018_1192_t146.jpg,1
CW2018_1192_t151.jpg,0
CW2018_1194_t000.jpg,1
CW2018_1194_t004.jpg,1
CW2018_1194_t007.jpg,1
CW2018_1194_t011.jpg,0
CW2018_1194_t017.jpg,1
CW2018_1194_t019.jpg,1
CW2018_1194_t022.jpg,1
CW2018_1194_t030.jpg,1
CW2018_1194_t052.jpg,1
CW2018_1194_t054.jpg,1
CW2018_1194_t064.jpg,1
CW2018_1194_t076.jpg,0
CW2018_1194_t079.jpg,1
CW2018_1194_t082.jpg,0
CW2018_1194_t084.jpg,0
CW2018_1194_t085.jpg,0
CW2018_1194_t090.jpg,1
CW2018_1194_t094.jpg,0
CW2018_1194_t095.jpg,0
CW2018_1194_t096.jpg,1
CW2018_1194_t097.jpg,1
CW2018_1194_t117.jpg,1
CW2018_1194_t119.jpg,1
CW2018_1194_t124.jpg,1
CW2018_1194_t127.jpg,1
CW2018_1203_t006.jpg,1
CW2018_1203_t008.jpg,1
CW2018_1203_t018.jpg,1
CW2018_1203_t020.jpg,1
CW2018_1203_t023.jpg,1
CW2018_1203_t025.jpg,1
CW2018_1203_t033.jpg,0
CW2018_1203_t045.jpg,1
CW2018_1203_t048.jpg,1
CW2018_1203_t051.jpg,0
CW2018_1203_t055.jpg,0
CW2018_1203_t063.jpg,1
CW2018_1203_t066.jpg,1
CW2018_1203_t085.jpg,1
CW2018_1203_t093.jpg,1
CW2018_1203_t103.jpg,1
CW2018_1203_t105.jpg,1
CW2018_1203_t108.jpg,0
CW2018_1203_t110.jpg,1
CW2018_1203_t113.jpg,1
CW2018_1203_t138.jpg,0
CW2018_1203_t140.jpg,1
CW2018_1203_t143.jpg,1
CW2018_1203_t148.jpg,1
CW2018_1203_t151.jpg,0
CW2018_1204_t011.jpg,0
CW2018_1204_t024.jpg,1
CW2018_1204_t033.jpg,0
CW2018_1204_t039.jpg,1
CW2018_1204_t046.jpg,0
CW2018_1204_t048.jpg,1
CW2018_1204_t049.jpg,1
CW2018_1204_t053.jpg,0
CW2018_1204_t059.jpg,0
CW2018_1204_t064.jpg,1
CW2018_1204_t068.jpg,1
CW2018_1204_t069.jpg,0
CW2018_1204_t073.jpg,1
CW2018_1204_t088.jpg,1
CW2018_1204_t094.jpg,0
CW2018_1204_t098.jpg,0
CW2018_1204_t099.jpg,1
CW2018_1204_t101.jpg,1
CW2018_1204_t104.jpg,1
CW2018_1204_t106.jpg,0
CW2018_1204_t114.jpg,0
CW2018_1204_t118.jpg,1
CW2018_1204_t129.jpg,1
CW2018_1204_t139.jpg,1
CW2018_1204_t151.jpg,0
CW2018_1205_t001.jpg,0
CW2018_1205_t009.jpg,1
CW2018_1205_t016.jpg,1
CW2018_1205_t021.jpg,1
CW2018_1205_t023.jpg,0
CW2018_1205_t033.jpg,1
CW2018_1205_t034.jpg,0
CW2018_1205_t039.jpg,1
CW2018_1205_t049.jpg,1
CW2018_1205_t053.jpg,0
CW2018_1205_t061.jpg,1
CW2018_1205_t071.jpg,0
CW2018_1205_t079.jpg,1
CW2018_1205_t086.jpg,0
CW2018_1205_t088.jpg,1
CW2018_1205_t093.jpg,0
CW2018_1205_t101.jpg,1
CW2018_1205_t106.jpg,1
CW2018_1205_t111.jpg,1
CW2018_1205_t114.jpg,1
CW2018_1205_t123.jpg,0
CW2018_1205_t126.jpg,1
CW2018_1205_t134.jpg,1
CW2018_1205_t148.jpg,0
CW2018_1205_t151.jpg,0
CW2018_1208_t013.jpg,0
CW2018_1208_t028.jpg,0
CW2018_1208_t030.jpg,1
CW2018_1208_t053.jpg,1
CW2018_1208_t056.jpg,1
CW2018_1208_t060.jpg,1
CW2018_1208_t068.jpg,1
CW2018_1208_t070.jpg,1
CW2018_1208_t076.jpg,0
CW2018_1208_t086.jpg,0
CW2018_1208_t093.jpg,1
CW2018_1208_t101.jpg,1
CW2018_1208_t103.jpg,0
CW2018_1208_t106.jpg,0
CW2018_1208_t110.jpg,1
CW2018_1208_t115.jpg,1
CW2018_1208_t125.jpg,0
CW2018_1208_t126.jpg,1
CW2018_1208_t131.jpg,0
CW2018_1208_t133.jpg,1
CW2018_1208_t138.jpg,0
CW2018_1208_t141.jpg,1
CW2018_1208_t145.jpg,1
CW2018_1208_t146.jpg,1
CW2018_1208_t148.jpg,0
CW2018_1218_t003.jpg,0
CW2018_1218_t004.jpg,1
CW2018_1218_t008.jpg,1
CW2018_1218_t014.jpg,0
CW2018_1218_t023.jpg,0
CW2018_1218_t028.jpg,1
CW2018_1218_t031.jpg,0
CW2018_1218_t043.jpg,1
CW2018_1218_t048.jpg,1
CW2018_1218_t051.jpg,0
CW2018_1218_t059.jpg,0
CW2018_1218_t064.jpg,1
CW2018_1218_t073.jpg,0
CW2018_1218_t076.jpg,0
CW2018_1218_t081.jpg,1
CW2018_1218_t089.jpg,1
CW2018_1218_t091.jpg,1
CW2018_1218_t099.jpg,0
CW2018_1218_t101.jpg,1
CW2018_1218_t103.jpg,1
CW2018_1218_t121.jpg,1
CW2018_1218_t126.jpg,1
CW2018_1218_t129.jpg,1
CW2018_1218_t134.jpg,1
CW2018_1218_t149.jpg,0
CW2018_1219_t003.jpg,1
CW2018_1219_t004.jpg,1
CW2018_1219_t006.jpg,1
CW2018_1219_t007.jpg,1
CW2018_1219_t013.jpg,1
CW2018_1219_t021.jpg,1
CW2018_1219_t034.jpg,0
CW2018_1219_t064.jpg,1
CW2018_1219_t071.jpg,0
CW2018_1219_t073.jpg,1
CW2018_1219_t082.jpg,0
CW2018_1219_t091.jpg,1
CW2018_1219_t098.jpg,0
CW2018_1219_t099.jpg,0
CW2018_1219_t102.jpg,1
CW2018_1219_t103.jpg,1
CW2018_1219_t107.jpg,1
CW2018_1219_t126.jpg,1
CW2018_1219_t129.jpg,1
CW2018_1219_t134.jpg,1
CW2018_1219_t139.jpg,1
CW2018_1219_t141.jpg,1
CW2018_1219_t142.jpg,1
CW2018_1219_t143.jpg,1
CW2018_1219_t148.jpg,0
CW2018_1223_t008.jpg,0
CW2018_1223_t009.jpg,1
CW2018_1223_t013.jpg,0
CW2018_1223_t033.jpg,0
CW2018_1223_t039.jpg,1
CW2018_1223_t056.jpg,1
CW2018_1223_t064.jpg,1
CW2018_1223_t068.jpg,1
CW2018_1223_t069.jpg,0
CW2018_1223_t074.jpg,0
CW2018_1223_t078.jpg,1
CW2018_1223_t084.jpg,1
CW2018_1223_t088.jpg,1
CW2018_1223_t091.jpg,1
CW2018_1223_t094.jpg,0
CW2018_1223_t098.jpg,0
CW2018_1223_t099.jpg,0
CW2018_1223_t101.jpg,1
CW2018_1223_t104.jpg,1
CW2018_1223_t114.jpg,0
CW2018_1223_t119.jpg,1
CW2018_1223_t126.jpg,1
CW2018_1223_t133.jpg,1
CW2018_1223_t136.jpg,1
CW2018_1223_t139.jpg,1
CW2018_1233_t008.jpg,1
CW2018_1233_t011.jpg,0
CW2018_1233_t013.jpg,0
CW2018_1233_t016.jpg,0
CW2018_1233_t023.jpg,0
CW2018_1233_t025.jpg,1
CW2018_1233_t030.jpg,0
CW2018_1233_t031.jpg,0
CW2018_1233_t036.jpg,0
CW2018_1233_t040.jpg,1
CW2018_1233_t045.jpg,0
CW2018_1233_t048.jpg,1
CW2018_1233_t050.jpg,1
CW2018_1233_t053.jpg,0
CW2018_1233_t056.jpg,1
CW2018_1233_t061.jpg,0
CW2018_1233_t068.jpg,0
CW2018_1233_t076.jpg,0
CW2018_1233_t078.jpg,1
CW2018_1233_t081.jpg,0
CW2018_1233_t093.jpg,1
CW2018_1233_t101.jpg,1
CW2018_1233_t106.jpg,0
CW2018_1233_t108.jpg,0
CW2018_1233_t140.jpg,1
CW2018_1236_t013.jpg,0
CW2018_1236_t021.jpg,1
CW2018_1236_t043.jpg,1
CW2018_1236_t044.jpg,1
CW2018_1236_t049.jpg,1
CW2018_1236_t051.jpg,1
CW2018_1236_t054.jpg,1
CW2018_1236_t058.jpg,0
CW2018_1236_t059.jpg,0
CW2018_1236_t066.jpg,1
CW2018_1236_t073.jpg,1
CW2018_1236_t076.jpg,0
CW2018_1236_t078.jpg,0
CW2018_1236_t083.jpg,0
CW2018_1236_t086.jpg,0
CW2018_1236_t096.jpg,1
CW2018_1236_t101.jpg,1
CW2018_1236_t114.jpg,0
CW2018_1236_t119.jpg,0
CW2018_1236_t128.jpg,0
CW2018_1236_t129.jpg,1
CW2018_1236_t134.jpg,0
CW2018_1236_t136.jpg,1
CW2018_1236_t146.jpg,1
CW2018_1236_t148.jpg,0
CW2018_1238_t006.jpg,1
CW2018_1238_t008.jpg,1
CW2018_1238_t019.jpg,1
CW2018_1238_t023.jpg,0
CW2018_1238_t028.jpg,1
CW2018_1238_t039.jpg,1
CW2018_1238_t048.jpg,1
CW2018_1238_t058.jpg,0
CW2018_1238_t061.jpg,1
CW2018_1238_t063.jpg,1
CW2018_1238_t068.jpg,1
CW2018_1238_t074.jpg,0
CW2018_1238_t083.jpg,0
CW2018_1238_t084.jpg,1
CW2018_1238_t093.jpg,0
CW2018_1238_t103.jpg,0
CW2018_1238_t113.jpg,1
CW2018_1238_t118.jpg,1
CW2018_1238_t121.jpg,0
CW2018_1238_t128.jpg,0
CW2018_1238_t129.jpg,1
CW2018_1238_t143.jpg,1
CW2018_1238_t148.jpg,0
CW2018_1238_t149.jpg,1
CW2018_1238_t151.jpg,0
CW2018_1240_t006.jpg,0
CW2018_1240_t013.jpg,0
CW2018_1240_t024.jpg,1
CW2018_1240_t031.jpg,0
CW2018_1240_t034.jpg,0
CW2018_1240_t036.jpg,0
CW2018_1240_t039.jpg,1
CW2018_1240_t069.jpg,1
CW2018_1240_t071.jpg,0
CW2018_1240_t078.jpg,1
CW2018_1240_t081.jpg,1
CW2018_1240_t083.jpg,0
CW2018_1240_t086.jpg,0
CW2018_1240_t088.jpg,1
CW2018_1240_t093.jpg,1
CW2018_1240_t094.jpg,0
CW2018_1240_t096.jpg,1
CW2018_1240_t111.jpg,1
CW2018_1240_t121.jpg,1
CW2018_1240_t126.jpg,1
CW2018_1240_t136.jpg,1
CW2018_1240_t139.jpg,1
CW2018_1240_t141.jpg,1
CW2018_1240_t146.jpg,1
CW2018_1240_t151.jpg,0
CW2018_1242_t005.jpg,0
CW2018_1242_t013.jpg,1
CW2018_1242_t015.jpg,1
CW2018_1242_t021.jpg,1
CW2018_1242_t028.jpg,1
CW2018_1242_t033.jpg,0
CW2018_1242_t041.jpg,1
CW2018_1242_t050.jpg,1
CW2018_1242_t051.jpg,0
CW2018_1242_t061.jpg,1
CW2018_1242_t063.jpg,1
CW2018_1242_t066.jpg,1
CW2018_1242_t073.jpg,1
CW2018_1242_t075.jpg,0
CW2018_1242_t080.jpg,0
CW2018_1242_t085.jpg,1
CW2018_1242_t086.jpg,1
CW2018_1242_t088.jpg,1
CW2018_1242_t095.jpg,1
CW2018_1242_t103.jpg,1
CW2018_1242_t123.jpg,0
CW2018_1242_t125.jpg,0
CW2018_1242_t128.jpg,0
CW2018_1242_t135.jpg,1
CW2018_1242_t145.jpg,1
CW2018_1243_t016.jpg,0
CW2018_1243_t019.jpg,0
CW2018_1243_t028.jpg,0
CW2018_1243_t031.jpg,0
CW2018_1243_t032.jpg,0
CW2018_1243_t038.jpg,0
CW2018_1243_t042.jpg,1
CW2018_1243_t049.jpg,0
CW2018_1243_t056.jpg,1
CW2018_1243_t059.jpg,0
CW2018_1243_t062.jpg,0
CW2018_1243_t067.jpg,1
CW2018_1243_t071.jpg,0
CW2018_1243_t074.jpg,0
CW2018_1243_t083.jpg,0
CW2018_1243_t088.jpg,1
CW2018_1243_t102.jpg,1
CW2018_1243_t114.jpg,0
CW2018_1243_t118.jpg,1
CW2018_1243_t119.jpg,1
CW2018_1243_t124.jpg,1
CW2018_1243_t129.jpg,1
CW2018_1243_t131.jpg,1
CW2018_1243_t134.jpg,1
CW2018_1243_t146.jpg,1
CW2018_1244_t002.jpg,1
CW2018_1244_t004.jpg,1
CW2018_1244_t005.jpg,1
CW2018_1244_t014.jpg,1
CW2018_1244_t017.jpg,1
CW2018_1244_t031.jpg,0
CW2018_1244_t032.jpg,0
CW2018_1244_t037.jpg,0
CW2018_1244_t042.jpg,1
CW2018_1244_t051.jpg,0
CW2018_1244_t059.jpg,1
CW2018_1244_t060.jpg,1
CW2018_1244_t062.jpg,1
CW2018_1244_t069.jpg,0
CW2018_1244_t071.jpg,0
CW2018_1244_t075.jpg,1
CW2018_1244_t077.jpg,1
CW2018_1244_t087.jpg,0
CW2018_1244_t091.jpg,1
CW2018_1244_t094.jpg,0
CW2018_1244_t112.jpg,1
CW2018_1244_t122.jpg,0
CW2018_1244_t129.jpg,0
CW2018_1244_t146.jpg,0
CW2018_1244_t151.jpg,0
CW2018_1246_t014.jpg,0
CW2018_1246_t016.jpg,0
CW2018_1246_t022.jpg,0
CW2018_1246_t028.jpg,0
CW2018_1246_t031.jpg,0
CW2018_1246_t034.jpg,0
CW2018_1246_t037.jpg,0
CW2018_1246_t044.jpg,1
CW2018_1246_t046.jpg,1
CW2018_1246_t049.jpg,1
CW2018_1246_t054.jpg,1
CW2018_1246_t064.jpg,1
CW2018_1246_t067.jpg,1
CW2018_1246_t076.jpg,0
CW2018_1246_t081.jpg,1
CW2018_1246_t084.jpg,1
CW2018_1246_t086.jpg,0
CW2018_1246_t087.jpg,0
CW2018_1246_t088.jpg,1
CW2018_1246_t089.jpg,1
CW2018_1246_t092.jpg,1
CW2018_1246_t112.jpg,0
CW2018_1246_t114.jpg,0
CW2018_1246_t147.jpg,0
CW2018_1246_t148.jpg,0
CW2018_1250_t000.jpg,0
CW2018_1250_t002.jpg,1
CW2018_1250_t021.jpg,1
CW2018_1250_t034.jpg,1
CW2018_1250_t036.jpg,0
CW2018_1250_t037.jpg,0
CW2018_1250_t059.jpg,1
CW2018_1250_t066.jpg,1
CW2018_1250_t076.jpg,0
CW2018_1250_t077.jpg,1
CW2018_1250_t079.jpg,1
CW2018_1250_t082.jpg,0
CW2018_1250_t084.jpg,1
CW2018_1250_t087.jpg,0
CW2018_1250_t092.jpg,1
CW2018_1250_t097.jpg,1
CW2018_1250_t102.jpg,1
CW2018_1250_t112.jpg,0
CW2018_1250_t115.jpg,1
CW2018_1250_t116.jpg,0
CW2018_1250_t117.jpg,1
CW2018_1250_t140.jpg,1
CW2018_1250_t146.jpg,0
CW2018_1250_t151.jpg,0
CW2018_1250_t152.jpg,0
CW2018_1252_t009.jpg,1
CW2018_1252_t010.jpg,1
CW2018_1252_t013.jpg,1
CW2018_1252_t021.jpg,1
CW2018_1252_t024.jpg,1
CW2018_1252_t025.jpg,1
CW2018_1252_t030.jpg,0
CW2018_1252_t035.jpg,1
CW2018_1252_t041.jpg,1
CW2018_1252_t045.jpg,1
CW2018_1252_t051.jpg,1
CW2018_1252_t058.jpg,1
CW2018_1252_t068.jpg,1
CW2018_1252_t069.jpg,0
CW2018_1252_t071.jpg,0
CW2018_1252_t080.jpg,0
CW2018_1252_t090.jpg,1
CW2018_1252_t093.jpg,1
CW2018_1252_t109.jpg,1
CW2018_1252_t114.jpg,1
CW2018_1252_t115.jpg,1
CW2018_1252_t118.jpg,1
CW2018_1252_t121.jpg,1
CW2018_1252_t125.jpg,1
CW2018_1252_t141.jpg,1
CW2018_1259_t001.jpg,0
CW2018_1259_t006.jpg,1
CW2018_1259_t011.jpg,0
CW2018_1259_t016.jpg,0
CW2018_1259_t031.jpg,0
CW2018_1259_t039.jpg,1
CW2018_1259_t049.jpg,1
CW2018_1259_t053.jpg,1
CW2018_1259_t056.jpg,1
CW2018_1259_t058.jpg,0
CW2018_1259_t074.jpg,0
CW2018_1259_t076.jpg,0
CW2018_1259_t081.jpg,1
CW2018_1259_t089.jpg,1
CW2018_1259_t098.jpg,0
CW2018_1259_t101.jpg,1
CW2018_1259_t103.jpg,0
CW2018_1259_t118.jpg,1
CW2018_1259_t119.jpg,1
CW2018_1259_t129.jpg,1
CW2018_1259_t131.jpg,0
CW2018_1259_t136.jpg,1
CW2018_1259_t141.jpg,1
CW2018_1259_t143.jpg,1
CW2018_1259_t149.jpg,1
CW2018_1268_t004.jpg,1
CW2018_1268_t007.jpg,1
CW2018_1268_t011.jpg,0
CW2018_1268_t014.jpg,1
CW2018_1268_t016.jpg,1
CW2018_1268_t034.jpg,0
CW2018_1268_t036.jpg,0
CW2018_1268_t042.jpg,1
CW2018_1268_t046.jpg,1
CW2018_1268_t047.jpg,1
CW2018_1268_t061.jpg,1
CW2018_1268_t062.jpg,1
CW2018_1268_t071.jpg,0
CW2018_1268_t079.jpg,1
CW2018_1268_t091.jpg,1
CW2018_1268_t092.jpg,0
CW2018_1268_t102.jpg,1
CW2018_1268_t106.jpg,1
CW2018_1268_t116.jpg,0
CW2018_1268_t127.jpg,0
CW2018_1268_t131.jpg,1
CW2018_1268_t134.jpg,1
CW2018_1268_t139.jpg,1
CW2018_1268_t141.jpg,1
CW2018_1268_t142.jpg,1
CW2018_1273_t004.jpg,1
CW2018_1273_t011.jpg,0
CW2018_1273_t029.jpg,0
CW2018_1273_t031.jpg,0
CW2018_1273_t038.jpg,0
CW2018_1273_t041.jpg,1
CW2018_1273_t061.jpg,1
CW2018_1273_t066.jpg,1
CW2018_1273_t073.jpg,1
CW2018_1273_t079.jpg,1
CW2018_1273_t083.jpg,0
CW2018_1273_t086.jpg,0
CW2018_1273_t088.jpg,1
CW2018_1273_t093.jpg,1
CW2018_1273_t099.jpg,0
CW2018_1273_t101.jpg,1
CW2018_1273_t106.jpg,1
CW2018_1273_t108.jpg,0
CW2018_1273_t111.jpg,1
CW2018_1273_t121.jpg,0
CW2018_1273_t124.jpg,1
CW2018_1273_t126.jpg,1
CW2018_1273_t138.jpg,1
CW2018_1273_t139.jpg,1
CW2018_1273_t151.jpg,0
CW2018_1280_t006.jpg,1
CW2018_1280_t016.jpg,0
CW2018_1280_t031.jpg,0
CW2018_1280_t033.jpg,0
CW2018_1280_t036.jpg,0
CW2018_1280_t055.jpg,0
CW2018_1280_t059.jpg,1
CW2018_1280_t070.jpg,1
CW2018_1280_t075.jpg,0
CW2018_1280_t078.jpg,0
CW2018_1280_t080.jpg,0
CW2018_1280_t083.jpg,1
CW2018_1280_t085.jpg,1
CW2018_1280_t086.jpg,0
CW2018_1280_t095.jpg,1
CW2018_1280_t106.jpg,0
CW2018_1280_t108.jpg,0
CW2018_1280_t110.jpg,1
CW2018_1280_t118.jpg,0
CW2018_1280_t120.jpg,0
CW2018_1280_t125.jpg,0
CW2018_1280_t126.jpg,1
CW2018_1280_t144.jpg,1
CW2018_1280_t146.jpg,1
CW2018_1280_t149.jpg,0
CW2018_1282_t011.jpg,0
CW2018_1282_t019.jpg,1
CW2018_1282_t023.jpg,0
CW2018_1282_t028.jpg,1
CW2018_1282_t040.jpg,1
CW2018_1282_t041.jpg,1
CW2018_1282_t048.jpg,1
CW2018_1282_t053.jpg,0
CW2018_1282_t056.jpg,1
CW2018_1282_t060.jpg,1
CW2018_1282_t061.jpg,1
CW2018_1282_t070.jpg,1
CW2018_1282_t074.jpg,0
CW2018_1282_t090.jpg,1
CW2018_1282_t095.jpg,1
CW2018_1282_t100.jpg,0
CW2018_1282_t103.jpg,1
CW2018_1282_t104.jpg,1
CW2018_1282_t109.jpg,1
CW2018_1282_t118.jpg,1
CW2018_1282_t120.jpg,0
CW2018_1282_t121.jpg,0
CW2018_1282_t124.jpg,1
CW2018_1282_t143.jpg,1
CW2018_1282_t146.jpg,1
CW2018_1291_t006.jpg,0
CW2018_1291_t008.jpg,0
CW2018_1291_t011.jpg,0
CW2018_1291_t029.jpg,1
CW2018_1291_t033.jpg,0
CW2018_1291_t039.jpg,1
CW2018_1291_t044.jpg,1
CW2018_1291_t058.jpg,0
CW2018_1291_t061.jpg,0
CW2018_1291_t066.jpg,1
CW2018_1291_t068.jpg,1
CW2018_1291_t069.jpg,0
CW2018_1291_t081.jpg,1
CW2018_1291_t094.jpg,0
CW2018_1291_t096.jpg,1
CW2018_1291_t101.jpg,1
CW2018_1291_t108.jpg,1
CW2018_1291_t109.jpg,1
CW2018_1291_t114.jpg,0
CW2018_1291_t116.jpg,1
CW2018_1291_t118.jpg,1
CW2018_1291_t123.jpg,0
CW2018_1291_t131.jpg,0
CW2018_1291_t144.jpg,1
CW2018_1291_t151.jpg,0
CW2018_1293_t001.jpg,0
CW2018_1293_t003.jpg,0
CW2018_1293_t008.jpg,1
CW2018_1293_t013.jpg,0
CW2018_1293_t018.jpg,0
CW2018_1293_t021.jpg,1
CW2018_1293_t028.jpg,1
CW2018_1293_t038.jpg,0
CW2018_1293_t040.jpg,1
CW2018_1293_t050.jpg,1
CW2018_1293_t053.jpg,0
CW2018_1293_t068.jpg,1
CW2018_1293_t071.jpg,0
CW2018_1293_t085.jpg,1
CW2018_1293_t086.jpg,0
CW2018_1293_t096.jpg,1
CW2018_1293_t108.jpg,1
CW2018_1293_t115.jpg,1
CW2018_1293_t130.jpg,1
CW2018_1293_t131.jpg,1
CW2018_1293_t133.jpg,1
CW2018_1293_t135.jpg,1
CW2018_1293_t140.jpg,1
CW2018_1293_t148.jpg,1
CW2018_1293_t151.jpg,0
CW2018_1294_t001.jpg,0
CW2018_1294_t005.jpg,0
CW2018_1294_t008.jpg,0
CW2018_1294_t033.jpg,0
CW2018_1294_t034.jpg,0
CW2018_1294_t056.jpg,1
CW2018_1294_t061.jpg,1
CW2018_1294_t068.jpg,0
CW2018_1294_t070.jpg,1
CW2018_1294_t076.jpg,0
CW2018_1294_t085.jpg,1
CW2018_1294_t088.jpg,1
CW2018_1294_t093.jpg,0
CW2018_1294_t094.jpg,0
CW2018_1294_t100.jpg,0
CW2018_1294_t101.jpg,1
CW2018_1294_t110.jpg,1
CW2018_1294_t121.jpg,0
CW2018_1294_t123.jpg,0
CW2018_1294_t129.jpg,1
CW2018_1294_t135.jpg,1
CW2018_1294_t136.jpg,1
CW2018_1294_t143.jpg,1
CW2018_1294_t146.jpg,1
CW2018_1294_t149.jpg,1
CW2018_1297_t001.jpg,1
CW2018_1297_t004.jpg,1
CW2018_1297_t006.jpg,1
CW2018_1297_t008.jpg,1
CW2018_1297_t014.jpg,1
CW2018_1297_t020.jpg,1
CW2018_1297_t030.jpg,1
CW2018_1297_t054.jpg,1
CW2018_1297_t056.jpg,1
CW2018_1297_t058.jpg,0
CW2018_1297_t060.jpg,1
CW2018_1297_t083.jpg,0
CW2018_1297_t086.jpg,0
CW2018_1297_t088.jpg,1
CW2018_1297_t099.jpg,1
CW2018_1297_t103.jpg,1
CW2018_1297_t108.jpg,1
CW2018_1297_t110.jpg,1
CW2018_1297_t111.jpg,1
CW2018_1297_t118.jpg,1
CW2018_1297_t120.jpg,1
CW2018_1297_t121.jpg,0
CW2018_1297_t130.jpg,1
CW2018_1297_t135.jpg,1
CW2018_1297_t143.jpg,1
CW2018_1300_t001.jpg,0
CW2018_1300_t005.jpg,0
CW2018_1300_t011.jpg,0
CW2018_1300_t013.jpg,0
CW2018_1300_t016.jpg,0
CW2018_1300_t020.jpg,1
CW2018_1300_t028.jpg,0
CW2018_1300_t035.jpg,0
CW2018_1300_t038.jpg,0
CW2018_1300_t053.jpg,0
CW2018_1300_t056.jpg,1
CW2018_1300_t063.jpg,1
CW2018_1300_t068.jpg,1
CW2018_1300_t080.jpg,0
CW2018_1300_t083.jpg,1
CW2018_1300_t085.jpg,1
CW2018_1300_t096.jpg,1
CW2018_1300_t100.jpg,0
CW2018_1300_t106.jpg,0
CW2018_1300_t111.jpg,1
CW2018_1300_t123.jpg,0
CW2018_1300_t130.jpg,1
CW2018_1300_t133.jpg,1
CW2018_1300_t136.jpg,0
CW2018_1300_t140.jpg,1
CW2018_1301_t003.jpg,0
CW2018_1301_t016.jpg,1
CW2018_1301_t031.jpg,0
CW2018_1301_t034.jpg,0
CW2018_1301_t035.jpg,0
CW2018_1301_t041.jpg,1
CW2018_1301_t043.jpg,0
CW2018_1301_t044.jpg,1
CW2018_1301_t048.jpg,1
CW2018_1301_t051.jpg,1
CW2018_1301_t055.jpg,1
CW2018_1301_t073.jpg,1
CW2018_1301_t090.jpg,1
CW2018_1301_t093.jpg,1
CW2018_1301_t108.jpg,1
CW2018_1301_t111.jpg,1
CW2018_1301_t118.jpg,1
CW2018_1301_t120.jpg,1
CW2018_1301_t128.jpg,0
CW2018_1301_t130.jpg,1
CW2018_1301_t133.jpg,1
CW2018_1301_t138.jpg,1
CW2018_1301_t143.jpg,1
CW2018_1301_t146.jpg,1
CW2018_1301_t149.jpg,0
CW2018_1302_t004.jpg,1
CW2018_1302_t011.jpg,0
CW2018_1302_t013.jpg,1
CW2018_1302_t014.jpg,1
CW2018_1302_t018.jpg,1
CW2018_1302_t024.jpg,1
CW2018_1302_t044.jpg,1
CW2018_1302_t048.jpg,1
CW2018_1302_t049.jpg,1
CW2018_1302_t063.jpg,1
CW2018_1302_t064.jpg,1
CW2018_1302_t068.jpg,1
CW2018_1302_t073.jpg,1
CW2018_1302_t084.jpg,1
CW2018_1302_t086.jpg,0
CW2018_1302_t096.jpg,1
CW2018_1302_t101.jpg,1
CW2018_1302_t108.jpg,0
CW2018_1302_t111.jpg,1
CW2018_1302_t118.jpg,1
CW2018_1302_t121.jpg,1
CW2018_1302_t123.jpg,0
CW2018_1302_t128.jpg,0
CW2018_1302_t129.jpg,1
CW2018_1302_t138.jpg,1
CW2018_1305_t001.jpg,0
CW2018_1305_t004.jpg,1
CW2018_1305_t012.jpg,0
CW2018_1305_t018.jpg,1
CW2018_1305_t019.jpg,1
CW2018_1305_t032.jpg,0
CW2018_1305_t039.jpg,1
CW2018_1305_t041.jpg,1
CW2018_1305_t044.jpg,1
CW2018_1305_t057.jpg,1
CW2018_1305_t058.jpg,0
CW2018_1305_t062.jpg,1
CW2018_1305_t073.jpg,1
CW2018_1305_t086.jpg,0
CW2018_1305_t093.jpg,0
CW2018_1305_t094.jpg,0
CW2018_1305_t097.jpg,1
CW2018_1305_t103.jpg,1
CW2018_1305_t107.jpg,1
CW2018_1305_t116.jpg,0
CW2018_1305_t119.jpg,1
CW2018_1305_t121.jpg,0
CW2018_1305_t129.jpg,1
CW2018_1305_t136.jpg,1
CW2018_1305_t147.jpg,0
CW2018_1308_t007.jpg,1
CW2018_1308_t016.jpg,1
CW2018_1308_t017.jpg,1
CW2018_1308_t024.jpg,1
CW2018_1308_t027.jpg,1
CW2018_1308_t032.jpg,0
CW2018_1308_t036.jpg,0
CW2018_1308_t039.jpg,1
CW2018_1308_t044.jpg,1
CW2018_1308_t047.jpg,1
CW2018_1308_t051.jpg,1
CW2018_1308_t052.jpg,0
CW2018_1308_t054.jpg,1
CW2018_1308_t056.jpg,1
CW2018_1308_t059.jpg,0
CW2018_1308_t061.jpg,1
CW2018_1308_t072.jpg,1
CW2018_1308_t077.jpg,0
CW2018_1308_t099.jpg,0
CW2018_1308_t111.jpg,0
CW2018_1308_t121.jpg,0
CW2018_1308_t127.jpg,0
CW2018_1308_t129.jpg,1
CW2018_1308_t139.jpg,1
CW2018_1308_t152.jpg,1
CW2018_1310_t001.jpg,1
CW2018_1310_t003.jpg,1
CW2018_1310_t006.jpg,1
CW2018_1310_t011.jpg,0
CW2018_1310_t014.jpg,1
CW2018_1310_t018.jpg,1
CW2018_1310_t024.jpg,1
CW2018_1310_t038.jpg,0
CW2018_1310_t048.jpg,1
CW2018_1310_t051.jpg,1
CW2018_1310_t059.jpg,0
CW2018_1310_t074.jpg,0
CW2018_1310_t076.jpg,0
CW2018_1310_t081.jpg,1
CW2018_1310_t089.jpg,1
CW2018_1310_t094.jpg,0
CW2018_1310_t098.jpg,0
CW2018_1310_t101.jpg,1
CW2018_1310_t111.jpg,1
CW2018_1310_t116.jpg,0
CW2018_1310_t118.jpg,1
CW2018_1310_t119.jpg,1
CW2018_1310_t131.jpg,0
CW2018_1310_t139.jpg,1
CW2018_1310_t151.jpg,0
CW2018_1311_t005.jpg,1
CW2018_1311_t006.jpg,1
CW2018_1311_t015.jpg,1
CW2018_1311_t016.jpg,1
CW2018_1311_t021.jpg,1
CW2018_1311_t023.jpg,0
CW2018_1311_t028.jpg,0
CW2018_1311_t033.jpg,0
CW2018_1311_t040.jpg,1
CW2018_1311_t046.jpg,1
CW2018_1311_t055.jpg,0
CW2018_1311_t058.jpg,0
CW2018_1311_t066.jpg,1
CW2018_1311_t073.jpg,1
CW2018_1311_t090.jpg,1
CW2018_1311_t098.jpg,0
CW2018_1311_t100.jpg,0
CW2018_1311_t101.jpg,1
CW2018_1311_t113.jpg,1
CW2018_1311_t115.jpg,1
CW2018_1311_t131.jpg,0
CW2018_1311_t133.jpg,1
CW2018_1311_t135.jpg,1
CW2018_1311_t143.jpg,1
CW2018_1311_t151.jpg,1
CW2018_1315_t006.jpg,1
CW2018_1315_t019.jpg,1
CW2018_1315_t029.jpg,1
CW2018_1315_t032.jpg,0
CW2018_1315_t051.jpg,0
CW2018_1315_t052.jpg,1
CW2018_1315_t058.jpg,0
CW2018_1315_t059.jpg,0
CW2018_1315_t064.jpg,1
CW2018_1315_t074.jpg,0
CW2018_1315_t077.jpg,0
CW2018_1315_t082.jpg,0
CW2018_1315_t084.jpg,1
CW2018_1315_t092.jpg,0
CW2018_1315_t093.jpg,0
CW2018_1315_t101.jpg,1
CW2018_1315_t104.jpg,1
CW2018_1315_t106.jpg,1
CW2018_1315_t109.jpg,1
CW2018_1315_t116.jpg,0
CW2018_1315_t117.jpg,1
CW2018_1315_t122.jpg,0
CW2018_1315_t127.jpg,0
CW2018_1315_t136.jpg,1
CW2018_1315_t139.jpg,1
CW2018_1322_t001.jpg,1
CW2018_1322_t006.jpg,1
CW2018_1322_t019.jpg,1
CW2018_1322_t028.jpg,0
CW2018_1322_t029.jpg,0
CW2018_1322_t034.jpg,0
CW2018_1322_t046.jpg,1
CW2018_1322_t050.jpg,1
CW2018_1322_t069.jpg,1
CW2018_1322_t079.jpg,1
CW2018_1322_t080.jpg,0
CW2018_1322_t083.jpg,1
CW2018_1322_t086.jpg,0
CW2018_1322_t089.jpg,1
CW2018_1322_t094.jpg,0
CW2018_1322_t106.jpg,1
CW2018_1322_t110.jpg,1
CW2018_1322_t111.jpg,1
CW2018_1322_t118.jpg,1
CW2018_1322_t124.jpg,1
CW2018_1322_t136.jpg,1
CW2018_1322_t143.jpg,1
CW2018_1322_t144.jpg,1
CW2018_1322_t146.jpg,1
CW2018_1322_t149.jpg,0
CW2018_1323_t003.jpg,1
CW2018_1323_t008.jpg,1
CW2018_1323_t011.jpg,0
CW2018_1323_t029.jpg,0
CW2018_1323_t036.jpg,1
CW2018_1323_t039.jpg,1
CW2018_1323_t041.jpg,1
CW2018_1323_t043.jpg,1
CW2018_1323_t044.jpg,1
CW2018_1323_t048.jpg,1
CW2018_1323_t051.jpg,0
CW2018_1323_t058.jpg,0
CW2018_1323_t063.jpg,1
CW2018_1323_t079.jpg,1
CW2018_1323_t084.jpg,1
CW2018_1323_t096.jpg,1
CW2018_1323_t099.jpg,1
CW2018_1323_t101.jpg,1
CW2018_1323_t103.jpg,1
CW2018_1323_t111.jpg,1
CW2018_1323_t116.jpg,1
CW2018_1323_t123.jpg,0
CW2018_1323_t128.jpg,0
CW2018_1323_t141.jpg,1
CW2018_1323_t148.jpg,0
CW2018_1327_t021.jpg,1
CW2018_1327_t027.jpg,1
CW2018_1327_t034.jpg,0
CW2018_1327_t037.jpg,0
CW2018_1327_t044.jpg,1
CW2018_1327_t047.jpg,1
CW2018_1327_t057.jpg,1
CW2018_1327_t062.jpg,1
CW2018_1327_t069.jpg,0
CW2018_1327_t078.jpg,1
CW2018_1327_t079.jpg,1
CW2018_1327_t091.jpg,1
CW2018_1327_t093.jpg,1
CW2018_1327_t094.jpg,0
CW2018_1327_t096.jpg,1
CW2018_1327_t109.jpg,1
CW2018_1327_t112.jpg,1
CW2018_1327_t113.jpg,1
CW2018_1327_t121.jpg,0
CW2018_1327_t124.jpg,1
CW2018_1327_t129.jpg,1
CW2018_1327_t134.jpg,1
CW2018_1327_t142.jpg,1
CW2018_1327_t146.jpg,0
CW2018_1327_t147.jpg,0
CW2018_1329_t001.jpg,1
CW2018_1329_t004.jpg,1
CW2018_1329_t009.jpg,1
CW2018_1329_t010.jpg,1
CW2018_1329_t016.jpg,1
CW2018_1329_t023.jpg,0
CW2018_1329_t030.jpg,1
CW2018_1329_t031.jpg,0
CW2018_1329_t043.jpg,0
CW2018_1329_t051.jpg,1
CW2018_1329_t055.jpg,1
CW2018_1329_t059.jpg,1
CW2018_1329_t074.jpg,0
CW2018_1329_t078.jpg,0
CW2018_1329_t086.jpg,0
CW2018_1329_t091.jpg,1
CW2018_1329_t096.jpg,1
CW2018_1329_t101.jpg,1
CW2018_1329_t104.jpg,1
CW2018_1329_t105.jpg,0
CW2018_1329_t125.jpg,0
CW2018_1329_t130.jpg,1
CW2018_1329_t144.jpg,1
CW2018_1329_t148.jpg,0
CW2018_1329_t151.jpg,1
CW2018_1334_t006.jpg,1
CW2018_1334_t009.jpg,1
CW2018_1334_t011.jpg,0
CW2018_1334_t018.jpg,1
CW2018_1334_t023.jpg,0
CW2018_1334_t036.jpg,0
CW2018_1334_t043.jpg,1
CW2018_1334_t044.jpg,1
CW2018_1334_t056.jpg,1
CW2018_1334_t063.jpg,1
CW2018_1334_t064.jpg,1
CW2018_1334_t071.jpg,0
CW2018_1334_t078.jpg,0
CW2018_1334_t086.jpg,0
CW2018_1334_t094.jpg,0
CW2018_1334_t098.jpg,0
CW2018_1334_t101.jpg,1
CW2018_1334_t104.jpg,1
CW2018_1334_t113.jpg,1
CW2018_1334_t114.jpg,0
CW2018_1334_t116.jpg,0
CW2018_1334_t126.jpg,1
CW2018_1334_t134.jpg,0
CW2018_1334_t141.jpg,1
CW2018_1334_t151.jpg,0
CW2018_1340_t004.jpg,1
CW2018_1340_t008.jpg,1
CW2018_1340_t028.jpg,1
CW2018_1340_t029.jpg,0
CW2018_1340_t034.jpg,0
CW2018_1340_t044.jpg,1
CW2018_1340_t053.jpg,0
CW2018_1340_t059.jpg,0
CW2018_1340_t061.jpg,1
CW2018_1340_t069.jpg,0
CW2018_1340_t073.jpg,1
CW2018_1340_t076.jpg,0
CW2018_1340_t083.jpg,0
CW2018_1340_t091.jpg,1
CW2018_1340_t101.jpg,1
CW2018_1340_t103.jpg,0
CW2018_1340_t104.jpg,1
CW2018_1340_t109.jpg,0
CW2018_1340_t111.jpg,1
CW2018_1340_t116.jpg,0
CW2018_1340_t123.jpg,0
CW2018_1340_t133.jpg,1
CW2018_1340_t134.jpg,1
CW2018_1340_t139.jpg,1
CW2018_1340_t141.jpg,1
CW2018_1341_t001.jpg,0
CW2018_1341_t014.jpg,1
CW2018_1341_t016.jpg,0
CW2018_1341_t021.jpg,1
CW2018_1341_t028.jpg,1
CW2018_1341_t031.jpg,0
CW2018_1341_t034.jpg,0
CW2018_1341_t046.jpg,0
CW2018_1341_t048.jpg,1
CW2018_1341_t049.jpg,1
CW2018_1341_t056.jpg,1
CW2018_1341_t061.jpg,1
CW2018_1341_t079.jpg,1
CW2018_1341_t086.jpg,0
CW2018_1341_t089.jpg,1
CW2018_1341_t093.jpg,0
CW2018_1341_t094.jpg,0
CW2018_1341_t099.jpg,0
CW2018_1341_t106.jpg,1
CW2018_1341_t113.jpg,0
CW2018_1341_t119.jpg,1
CW2018_1341_t128.jpg,0
CW2018_1341_t133.jpg,1
CW2018_1341_t136.jpg,1
CW2018_1341_t139.jpg,1
CW2018_1346_t001.jpg,0
CW2018_1346_t009.jpg,1
CW2018_1346_t034.jpg,0
CW2018_1346_t036.jpg,0
CW2018_1346_t043.jpg,1
CW2018_1346_t044.jpg,1
CW2018_1346_t048.jpg,1
CW2018_1346_t053.jpg,1
CW2018_1346_t054.jpg,1
CW2018_1346_t056.jpg,1
CW2018_1346_t059.jpg,1
CW2018_1346_t063.jpg,1
CW2018_1346_t068.jpg,1
CW2018_1346_t069.jpg,1
CW2018_1346_t081.jpg,1
CW2018_1346_t091.jpg,1
CW2018_1346_t096.jpg,1
CW2018_1346_t119.jpg,1
CW2018_1346_t128.jpg,0
CW2018_1346_t129.jpg,0
CW2018_1346_t133.jpg,1
CW2018_1346_t134.jpg,1
CW2018_1346_t139.jpg,1
CW2018_1346_t148.jpg,0
CW2018_1346_t149.jpg,0
CW2018_1347_t005.jpg,1
CW2018_1347_t021.jpg,1
CW2018_1347_t025.jpg,1
CW2018_1347_t036.jpg,0
CW2018_1347_t040.jpg,1
CW2018_1347_t045.jpg,1
CW2018_1347_t046.jpg,1
CW2018_1347_t053.jpg,0
CW2018_1347_t055.jpg,0
CW2018_1347_t056.jpg,1
CW2018_1347_t061.jpg,1
CW2018_1347_t065.jpg,1
CW2018_1347_t066.jpg,1
CW2018_1347_t071.jpg,0
CW2018_1347_t080.jpg,0
CW2018_1347_t090.jpg,1
CW2018_1347_t091.jpg,1
CW2018_1347_t096.jpg,1
CW2018_1347_t101.jpg,1
CW2018_1347_t103.jpg,0
CW2018_1347_t105.jpg,0
CW2018_1347_t108.jpg,1
CW2018_1347_t121.jpg,0
CW2018_1347_t125.jpg,0
CW2018_1347_t133.jpg,1
CW2018_1348_t013.jpg,0
CW2018_1348_t014.jpg,0
CW2018_1348_t015.jpg,0
CW2018_1348_t034.jpg,0
CW2018_1348_t041.jpg,0
CW2018_1348_t043.jpg,0
CW2018_1348_t045.jpg,0
CW2018_1348_t046.jpg,0
CW2018_1348_t048.jpg,0
CW2018_1348_t058.jpg,0
CW2018_1348_t060.jpg,0
CW2018_1348_t070.jpg,1
CW2018_1348_t079.jpg,1
CW2018_1348_t080.jpg,0
CW2018_1348_t084.jpg,1
CW2018_1348_t089.jpg,1
CW2018_1348_t106.jpg,0
CW2018_1348_t109.jpg,1
CW2018_1348_t126.jpg,1
CW2018_1348_t130.jpg,1
CW2018_1348_t133.jpg,1
CW2018_1348_t134.jpg,1
CW2018_1348_t135.jpg,1
CW2018_1348_t144.jpg,1
CW2018_1348_t151.jpg,0
CW2018_1350_t004.jpg,0
CW2018_1350_t006.jpg,0
CW2018_1350_t011.jpg,0
CW2018_1350_t018.jpg,0
CW2018_1350_t021.jpg,0
CW2018_1350_t023.jpg,0
CW2018_1350_t024.jpg,1
CW2018_1350_t028.jpg,0
CW2018_1350_t034.jpg,0
CW2018_1350_t041.jpg,1
CW2018_1350_t046.jpg,0
CW2018_1350_t056.jpg,1
CW2018_1350_t078.jpg,0
CW2018_1350_t081.jpg,1
CW2018_1350_t084.jpg,1
CW2018_1350_t088.jpg,1
CW2018_1350_t091.jpg,1
CW2018_1350_t101.jpg,1
CW2018_1350_t106.jpg,0
CW2018_1350_t108.jpg,1
CW2018_1350_t113.jpg,0
CW2018_1350_t119.jpg,1
CW2018_1350_t121.jpg,0
CW2018_1350_t124.jpg,0
CW2018_1350_t129.jpg,1
CW2018_1351_t004.jpg,1
CW2018_1351_t017.jpg,1
CW2018_1351_t023.jpg,0
CW2018_1351_t027.jpg,1
CW2018_1351_t028.jpg,1
CW2018_1351_t039.jpg,1
CW2018_1351_t048.jpg,1
CW2018_1351_t052.jpg,0
CW2018_1351_t056.jpg,1
CW2018_1351_t057.jpg,1
CW2018_1351_t061.jpg,1
CW2018_1351_t068.jpg,1
CW2018_1351_t076.jpg,0
CW2018_1351_t077.jpg,0
CW2018_1351_t087.jpg,1
CW2018_1351_t089.jpg,1
CW2018_1351_t097.jpg,1
CW2018_1351_t109.jpg,0
CW2018_1351_t113.jpg,1
CW2018_1351_t116.jpg,1
CW2018_1351_t117.jpg,1
CW2018_1351_t119.jpg,1
CW2018_1351_t124.jpg,1
CW2018_1351_t149.jpg,1
CW2018_1351_t151.jpg,0
CW2018_1353_t006.jpg,1
CW2018_1353_t016.jpg,1
CW2018_1353_t018.jpg,1
CW2018_1353_t031.jpg,1
CW2018_1353_t045.jpg,1
CW2018_1353_t046.jpg,1
CW2018_1353_t050.jpg,1
CW2018_1353_t053.jpg,0
CW2018_1353_t058.jpg,1
CW2018_1353_t061.jpg,1
CW2018_1353_t066.jpg,1
CW2018_1353_t070.jpg,1
CW2018_1353_t083.jpg,1
CW2018_1353_t088.jpg,1
CW2018_1353_t090.jpg,1
CW2018_1353_t098.jpg,0
CW2018_1353_t105.jpg,1
CW2018_1353_t118.jpg,1
CW2018_1353_t120.jpg,1
CW2018_1353_t121.jpg,0
CW2018_1353_t126.jpg,1
CW2018_1353_t130.jpg,1
CW2018_1353_t135.jpg,1
CW2018_1353_t136.jpg,1
CW2018_1353_t138.jpg,1
CW2018_1358_t003.jpg,0
CW2018_1358_t016.jpg,0
CW2018_1358_t020.jpg,1
CW2018_1358_t030.jpg,0
CW2018_1358_t031.jpg,0
CW2018_1358_t033.jpg,0
CW2018_1358_t045.jpg,1
CW2018_1358_t046.jpg,1
CW2018_1358_t056.jpg,1
CW2018_1358_t073.jpg,1
CW2018_1358_t075.jpg,0
CW2018_1358_t090.jpg,1
CW2018_1358_t091.jpg,1
CW2018_1358_t106.jpg,0
CW2018_1358_t108.jpg,0
CW2018_1358_t111.jpg,1
CW2018_1358_t121.jpg,0
CW2018_1358_t125.jpg,0
CW2018_1358_t126.jpg,1
CW2018_1358_t128.jpg,0
CW2018_1358_t130.jpg,1
CW2018_1358_t131.jpg,0
CW2018_1358_t136.jpg,1
CW2018_1358_t145.jpg,1
CW2018_1358_t146.jpg,1
CW2018_1360_t001.jpg,0
CW2018_1360_t019.jpg,1
CW2018_1360_t023.jpg,0
CW2018_1360_t029.jpg,1
CW2018_1360_t031.jpg,0
CW2018_1360_t033.jpg,0
CW2018_1360_t051.jpg,0
CW2018_1360_t061.jpg,1
CW2018_1360_t071.jpg,0
CW2018_1360_t078.jpg,1
CW2018_1360_t084.jpg,1
CW2018_1360_t091.jpg,1
CW2018_1360_t098.jpg,0
CW2018_1360_t101.jpg,1
CW2018_1360_t104.jpg,1
CW2018_1360_t106.jpg,1
CW2018_1360_t113.jpg,0
CW2018_1360_t126.jpg,1
CW2018_1360_t131.jpg,0
CW2018_1360_t133.jpg,1
CW2018_1360_t139.jpg,1
CW2018_1360_t141.jpg,1
CW2018_1360_t146.jpg,0
CW2018_1360_t149.jpg,1
CW2018_1360_t151.jpg,0
CW2018_1361_t015.jpg,0
CW2018_1361_t016.jpg,0
CW2018_1361_t018.jpg,0
CW2018_1361_t025.jpg,0
CW2018_1361_t030.jpg,0
CW2018_1361_t035.jpg,0
CW2018_1361_t038.jpg,0
CW2018_1361_t043.jpg,0
CW2018_1361_t051.jpg,0
CW2018_1361_t061.jpg,0
CW2018_1361_t066.jpg,1
CW2018_1361_t075.jpg,0
CW2018_1361_t076.jpg,0
CW2018_1361_t081.jpg,1
CW2018_1361_t085.jpg,1
CW2018_1361_t088.jpg,1
CW2018_1361_t093.jpg,1
CW2018_1361_t096.jpg,1
CW2018_1361_t103.jpg,1
CW2018_1361_t106.jpg,1
CW2018_1361_t115.jpg,1
CW2018_1361_t125.jpg,1
CW2018_1361_t131.jpg,1
CW2018_1361_t141.jpg,1
CW2018_1361_t145.jpg,1
CW2018_1373_t003.jpg,1
CW2018_1373_t006.jpg,1
CW2018_1373_t008.jpg,1
CW2018_1373_t010.jpg,1
CW2018_1373_t013.jpg,1
CW2018_1373_t020.jpg,1
CW2018_1373_t025.jpg,1
CW2018_1373_t035.jpg,1
CW2018_1373_t036.jpg,0
CW2018_1373_t043.jpg,0
CW2018_1373_t048.jpg,1
CW2018_1373_t056.jpg,1
CW2018_1373_t068.jpg,1
CW2018_1373_t076.jpg,0
CW2018_1373_t085.jpg,1
CW2018_1373_t090.jpg,1
CW2018_1373_t103.jpg,0
CW2018_1373_t110.jpg,1
CW2018_1373_t118.jpg,1
CW2018_1373_t120.jpg,1
CW2018_1373_t123.jpg,0
CW2018_1373_t125.jpg,0
CW2018_1373_t130.jpg,1
CW2018_1373_t145.jpg,1
CW2018_1373_t148.jpg,0
CW2018_1377_t001.jpg,1
CW2018_1377_t013.jpg,1
CW2018_1377_t016.jpg,1
CW2018_1377_t023.jpg,1
CW2018_1377_t028.jpg,1
CW2018_1377_t033.jpg,0
CW2018_1377_t036.jpg,0
CW2018_1377_t039.jpg,1
CW2018_1377_t054.jpg,1
CW2018_1377_t066.jpg,1
CW2018_1377_t068.jpg,0
CW2018_1377_t074.jpg,0
CW2018_1377_t076.jpg,0
CW2018_1377_t081.jpg,0
CW2018_1377_t093.jpg,1
CW2018_1377_t094.jpg,0
CW2018_1377_t098.jpg,0
CW2018_1377_t099.jpg,1
CW2018_1377_t104.jpg,1
CW2018_1377_t109.jpg,1
CW2018_1377_t116.jpg,0
CW2018_1377_t123.jpg,0
CW2018_1377_t124.jpg,0
CW2018_1377_t133.jpg,1
CW2018_1377_t146.jpg,1
CW2018_1378_t011.jpg,0
CW2018_1378_t014.jpg,0
CW2018_1378_t031.jpg,0
CW2018_1378_t033.jpg,0
CW2018_1378_t036.jpg,0
CW2018_1378_t043.jpg,0
CW2018_1378_t056.jpg,1
CW2018_1378_t059.jpg,0
CW2018_1378_t063.jpg,1
CW2018_1378_t064.jpg,1
CW2018_1378_t073.jpg,1
CW2018_1378_t078.jpg,1
CW2018_1378_t079.jpg,1
CW2018_1378_t081.jpg,1
CW2018_1378_t083.jpg,0
CW2018_1378_t084.jpg,1
CW2018_1378_t086.jpg,0
CW2018_1378_t093.jpg,0
CW2018_1378_t098.jpg,0
CW2018_1378_t128.jpg,0
CW2018_1378_t136.jpg,1
CW2018_1378_t138.jpg,0
CW2018_1378_t139.jpg,1
CW2018_1378_t141.jpg,1
CW2018_1378_t151.jpg,0
CW2018_1382_t005.jpg,1
CW2018_1382_t008.jpg,1
CW2018_1382_t010.jpg,1
CW2018_1382_t013.jpg,0
CW2018_1382_t018.jpg,1
CW2018_1382_t020.jpg,1
CW2018_1382_t025.jpg,1
CW2018_1382_t036.jpg,0
CW2018_1382_t048.jpg,1
CW2018_1382_t050.jpg,1
CW2018_1382_t061.jpg,1
CW2018_1382_t075.jpg,0
CW2018_1382_t076.jpg,0
CW2018_1382_t080.jpg,0
CW2018_1382_t085.jpg,1
CW2018_1382_t101.jpg,1
CW2018_1382_t103.jpg,0
CW2018_1382_t113.jpg,1
CW2018_1382_t123.jpg,0
CW2018_1382_t125.jpg,0
CW2018_1382_t131.jpg,1
CW2018_1382_t136.jpg,1
CW2018_1382_t140.jpg,1
CW2018_1382_t141.jpg,1
CW2018_1382_t145.jpg,1
CW2018_1391_t014.jpg,1
CW2018_1391_t017.jpg,1
CW2018_1391_t024.jpg,1
CW2018_1391_t027.jpg,1
CW2018_1391_t032.jpg,0
CW2018_1391_t033.jpg,0
CW2018_1391_t036.jpg,1
CW2018_1391_t041.jpg,1
CW2018_1391_t049.jpg,1
CW2018_1391_t051.jpg,0
CW2018_1391_t061.jpg,1
CW2018_1391_t073.jpg,1
CW2018_1391_t078.jpg,1
CW2018_1391_t082.jpg,0
CW2018_1391_t083.jpg,0
CW2018_1391_t091.jpg,1
CW2018_1391_t096.jpg,1
CW2018_1391_t111.jpg,0
CW2018_1391_t113.jpg,1
CW2018_1391_t114.jpg,0
CW2018_1391_t124.jpg,0
CW2018_1391_t138.jpg,1
CW2018_1391_t148.jpg,0
CW2018_1391_t151.jpg,0
CW2018_1391_t152.jpg,0
CW2018_1396_t004.jpg,1
CW2018_1396_t014.jpg,1
CW2018_1396_t023.jpg,0
CW2018_1396_t024.jpg,1
CW2018_1396_t031.jpg,0
CW2018_1396_t035.jpg,1
CW2018_1396_t040.jpg,1
CW2018_1396_t048.jpg,1
CW2018_1396_t065.jpg,1
CW2018_1396_t066.jpg,1
CW2018_1396_t076.jpg,0
CW2018_1396_t089.jpg,1
CW2018_1396_t091.jpg,1
CW2018_1396_t098.jpg,0
CW2018_1396_t100.jpg,0
CW2018_1396_t101.jpg,1
CW2018_1396_t104.jpg,0
CW2018_1396_t106.jpg,0
CW2018_1396_t110.jpg,1
CW2018_1396_t111.jpg,1
CW2018_1396_t125.jpg,0
CW2018_1396_t126.jpg,1
CW2018_1396_t139.jpg,1
CW2018_1396_t143.jpg,1
CW2018_1396_t149.jpg,0
CW2018_1399_t003.jpg,1
CW2018_1399_t006.jpg,1
CW2018_1399_t010.jpg,1
CW2018_1399_t015.jpg,1
CW2018_1399_t016.jpg,1
CW2018_1399_t018.jpg,1
CW2018_1399_t020.jpg,1
CW2018_1399_t025.jpg,1
CW2018_1399_t031.jpg,1
CW2018_1399_t035.jpg,0
CW2018_1399_t036.jpg,0
CW2018_1399_t048.jpg,1
CW2018_1399_t058.jpg,1
CW2018_1399_t061.jpg,1
CW2018_1399_t068.jpg,1
CW2018_1399_t080.jpg,0
CW2018_1399_t091.jpg,1
CW2018_1399_t095.jpg,1
CW2018_1399_t100.jpg,0
CW2018_1399_t113.jpg,1
CW2018_1399_t115.jpg,1
CW2018_1399_t116.jpg,0
CW2018_1399_t130.jpg,1
CW2018_1399_t146.jpg,1
CW2018_1399_t148.jpg,0
CW2018_1400_t000.jpg,1
CW2018_1400_t004.jpg,1
CW2018_1400_t005.jpg,1
CW2018_1400_t010.jpg,1
CW2018_1400_t016.jpg,1
CW2018_1400_t019.jpg,1
CW2018_1400_t025.jpg,1
CW2018_1400_t027.jpg,1
CW2018_1400_t041.jpg,1
CW2018_1400_t042.jpg,1
CW2018_1400_t055.jpg,0
CW2018_1400_t061.jpg,1
CW2018_1400_t062.jpg,1
CW2018_1400_t070.jpg,1
CW2018_1400_t075.jpg,0
CW2018_1400_t081.jpg,1
CW2018_1400_t082.jpg,0
CW2018_1400_t090.jpg,1
CW2018_1400_t092.jpg,1
CW2018_1400_t095.jpg,1
CW2018_1400_t105.jpg,0
CW2018_1400_t110.jpg,1
CW2018_1400_t115.jpg,1
CW2018_1400_t116.jpg,0
CW2018_1400_t151.jpg,0
CW2018_1408_t000.jpg,0
CW2018_1408_t001.jpg,0
CW2018_1408_t002.jpg,1
CW2018_1408_t009.jpg,1
CW2018_1408_t020.jpg,1
CW2018_1408_t025.jpg,0
CW2018_1408_t031.jpg,0
CW2018_1408_t039.jpg,1
CW2018_1408_t040.jpg,1
CW2018_1408_t041.jpg,1
CW2018_1408_t050.jpg,1
CW2018_1408_t054.jpg,1
CW2018_1408_t056.jpg,1
CW2018_1408_t060.jpg,1
CW2018_1408_t061.jpg,1
CW2018_1408_t080.jpg,1
CW2018_1408_t087.jpg,0
CW2018_1408_t091.jpg,1
CW2018_1408_t097.jpg,1
CW2018_1408_t100.jpg,1
CW2018_1408_t105.jpg,0
CW2018_1408_t115.jpg,1
CW2018_1408_t121.jpg,0
CW2018_1408_t147.jpg,0
CW2018_1408_t151.jpg,0
CW2018_1409_t006.jpg,1
CW2018_1409_t015.jpg,1
CW2018_1409_t016.jpg,1
CW2018_1409_t018.jpg,1
CW2018_1409_t020.jpg,1
CW2018_1409_t021.jpg,1
CW2018_1409_t025.jpg,1
CW2018_1409_t028.jpg,0
CW2018_1409_t029.jpg,0
CW2018_1409_t039.jpg,1
CW2018_1409_t040.jpg,1
CW2018_1409_t051.jpg,1
CW2018_1409_t069.jpg,1
CW2018_1409_t074.jpg,0
CW2018_1409_t076.jpg,0
CW2018_1409_t093.jpg,1
CW2018_1409_t094.jpg,0
CW2018_1409_t095.jpg,1
CW2018_1409_t096.jpg,1
CW2018_1409_t098.jpg,0
CW2018_1409_t105.jpg,0
CW2018_1409_t123.jpg,0
CW2018_1409_t124.jpg,1
CW2018_1409_t125.jpg,0
CW2018_1409_t129.jpg,1
CW2018_1420_t004.jpg,1
CW2018_1420_t006.jpg,0
CW2018_1420_t008.jpg,0
CW2018_1420_t011.jpg,0
CW2018_1420_t018.jpg,0
CW2018_1420_t019.jpg,1
CW2018_1420_t028.jpg,0
CW2018_1420_t033.jpg,0
CW2018_1420_t043.jpg,0
CW2018_1420_t053.jpg,0
CW2018_1420_t058.jpg,0
CW2018_1420_t061.jpg,0
CW2018_1420_t068.jpg,1
CW2018_1420_t073.jpg,1
CW2018_1420_t086.jpg,0
CW2018_1420_t091.jpg,1
CW2018_1420_t096.jpg,1
CW2018_1420_t099.jpg,0
CW2018_1420_t101.jpg,1
CW2018_1420_t103.jpg,1
CW2018_1420_t108.jpg,1
CW2018_1420_t113.jpg,0
CW2018_1420_t121.jpg,1
CW2018_1420_t138.jpg,1
CW2018_1420_t144.jpg,1
CW2018_1421_t013.jpg,1
CW2018_1421_t024.jpg,1
CW2018_1421_t029.jpg,0
CW2018_1421_t030.jpg,1
CW2018_1421_t033.jpg,0
CW2018_1421_t039.jpg,1
CW2018_1421_t040.jpg,1
CW2018_1421_t043.jpg,0
CW2018_1421_t049.jpg,1
CW2018_1421_t055.jpg,0
CW2018_1421_t059.jpg,0
CW2018_1421_t068.jpg,1
CW2018_1421_t076.jpg,0
CW2018_1421_t089.jpg,1
CW2018_1421_t109.jpg,1
CW2018_1421_t115.jpg,1
CW2018_1421_t118.jpg,1
CW2018_1421_t120.jpg,0
CW2018_1421_t121.jpg,0
CW2018_1421_t123.jpg,0
CW2018_1421_t128.jpg,0
CW2018_1421_t135.jpg,1
CW2018_1421_t138.jpg,1
CW2018_1421_t140.jpg,1
CW2018_1421_t151.jpg,0
